4.378146672478100410e-01,0.000000000000000000e+00,1.380488251447332448e+00
6.790913501743991443e-01,0.000000000000000000e+00,1.835488264339401487e+00
9.603719811685103025e-01,-1.758299538786194799e-02,2.206447313861507276e+00
1.166693389770776967e+00,-3.846953510188892700e-02,2.420731219510133148e+00
1.391427242804482933e+00,-6.362227277273609094e-02,2.624789171910557606e+00
1.661143446038866767e+00,-9.866087633696905834e-02,2.832966090791523950e+00
1.920221401093632929e+00,-1.370501664570217271e-01,3.003887197581748936e+00
2.193002798696641609e+00,-1.840946844530405024e-01,3.162697018783560132e+00
2.478787149839694948e+00,-2.359660758207915432e-01,3.305821224830087779e+00
2.775022653812768691e+00,-2.979365283831101330e-01,3.434120021502733433e+00
3.080289179862532478e+00,-3.709824839219668657e-01,3.554084099209676939e+00
3.393409007644073494e+00,-4.553971878713994892e-01,3.664946453441206398e+00
3.712921572143168092e+00,-5.519639867220550444e-01,3.765345241041625712e+00
4.036695202839859498e+00,-6.631560702184494671e-01,3.856080924495456141e+00
4.400448658677971636e+00,-8.029903096924931871e-01,3.949596229366204359e+00
4.729713475568146031e+00,-9.441420214810400946e-01,4.023033093049775744e+00
4.912849718996468162e+00,-1.028926935360507944e+00,4.061541962923001847e+00
5.204845111784728751e+00,-1.175406243002458995e+00,4.118548241874580462e+00
5.386598531483747898e+00,-1.273344738676982058e+00,4.153432928222442477e+00
5.712223309823682982e+00,-1.460986397030988648e+00,4.210626063076877479e+00
5.891637499370120601e+00,-1.571792224106045133e+00,4.238284668927827070e+00
6.173986558946939596e+00,-1.761496946830788390e+00,4.281071501890008513e+00
6.346832584173231595e+00,-1.888206257282761369e+00,4.308200800688139154e+00
6.516762919620182615e+00,-2.020835626912541816e+00,4.333522841895057987e+00
6.684736428316720769e+00,-2.157865594380723895e+00,4.357356112739798171e+00
6.850879755002239335e+00,-2.299190843594791644e+00,4.382905586342283222e+00
7.014207642554824318e+00,-2.445480639422006330e+00,4.403597640604767882e+00
7.268660999621591401e+00,-2.689976777733438240e+00,4.432286603631428790e+00
7.420085933789396293e+00,-2.846329204675624780e+00,4.317869912331125271e+00
7.667565144255859444e+00,-3.132948634484590489e+00,4.226770223925536918e+00
7.796271468038806773e+00,-3.300480897110198431e+00,4.250997848924978229e+00
7.917459024883538810e+00,-3.474704160320229551e+00,4.271559959021985264e+00
8.031334339986321069e+00,-3.654958616799273141e+00,4.294015406653130640e+00
8.140045594414241137e+00,-3.839722721992474330e+00,4.316210318738789020e+00
8.301839062147260861e+00,-4.145152297662956009e+00,4.354368258643824596e+00
8.393504923100470805e+00,-4.342559692232298652e+00,4.377619439560215930e+00
8.478295635420241894e+00,-4.544261553077522109e+00,4.400599127143595801e+00
8.614541030284962986e+00,-4.916826909694965941e+00,4.438396592612256164e+00
8.719822667770513291e+00,-5.256454639456036304e+00,4.470007722310379350e+00
8.778432114051796020e+00,-5.472223877221161104e+00,4.488854564806818992e+00
8.870040896825109655e+00,-5.866487619702765777e+00,4.519633532732145298e+00
8.935575200219796344e+00,-6.222416904075037003e+00,4.541649488499436949e+00
8.969414049418325874e+00,-6.446927423768164189e+00,4.553851034208714843e+00
8.995936355159637188e+00,-6.672944294878553784e+00,4.564532674096538400e+00
9.024548788818451683e+00,-7.082663440007380018e+00,4.583606768756949279e+00
9.028194639915350095e+00,-7.494882999328405404e+00,4.602359423713468622e+00
9.008275810408767015e+00,-7.861906330856489156e+00,4.616051944441259991e+00
8.983294282922972940e+00,-8.090749653126668051e+00,4.624682942055732937e+00
8.916533457421431663e+00,-8.500686043718362228e+00,4.638980731696694448e+00
8.817489236164940181e+00,-8.905142087826774855e+00,4.652665697807002232e+00
8.750837595127176627e+00,-9.127419480040304123e+00,4.661738308499252526e+00
8.675568433734291318e+00,-9.347433881631712183e+00,4.669265122258041245e+00
8.590861207555137824e+00,-9.564406733366062952e+00,4.677199303897261018e+00
8.419977233645273174e+00,-9.932182061338570733e+00,4.437304541410758141e+00
8.319215490217851894e+00,-1.012337484024077838e+01,4.328984664932127302e+00
8.132133135276975011e+00,-1.044796616068714457e+01,4.119018195717552011e+00
7.938579570863426582e+00,-1.076668291416772050e+01,4.174135495387161221e+00
7.763219233482043791e+00,-1.105345940152248474e+01,4.227909350947834710e+00
7.653308577488180831e+00,-1.123477331678363278e+01,4.258459475502997194e+00
7.453483455767004884e+00,-1.156432113305034370e+01,4.312082818462249278e+00
7.277975160026653789e+00,-1.186298630729768888e+01,4.354787651475660049e+00
7.171845460446800047e+00,-1.205348072349153199e+01,4.377418749216075433e+00
7.069153812350983834e+00,-1.224714696113924361e+01,4.400448904808437867e+00
6.969387575131595902e+00,-1.244362725568152683e+01,4.424336289510888420e+00
6.796452931732459568e+00,-1.280375850019814443e+01,4.463455532122013736e+00
6.705626591893419253e+00,-1.300787085673668564e+01,4.482920201208943745e+00
6.619363244429860238e+00,-1.321493651547600123e+01,4.500719904822073403e+00
6.491661027519802118e+00,-1.355219090030951179e+01,4.527092006946343616e+00
6.417932192761943710e+00,-1.376623446531139727e+01,4.541488788338880589e+00
6.299234754124021229e+00,-1.415785668888055682e+01,4.567388852050902948e+00
6.240272106539463515e+00,-1.437845313715927631e+01,4.580572945200061419e+00
6.148064761622383578e+00,-1.478061683908233803e+01,4.602986305357720020e+00
6.081118446159025304e+00,-1.514296649228753111e+01,4.622827959007161702e+00
6.045694316762461717e+00,-1.537135107066790951e+01,4.633041198021334850e+00
5.997582833989469897e+00,-1.578576526036322036e+01,4.652163176415636592e+00
5.977888976852381298e+00,-1.601748558777902787e+01,4.662271345592689187e+00
5.955988654677805805e+00,-1.643672690689401605e+01,4.678995574800464574e+00
5.951790978767409257e+00,-1.681112553473560922e+01,4.693772700999681469e+00
5.956390997517469366e+00,-1.704572569734725462e+01,4.703305033577522387e+00
5.965959973183348808e+00,-1.728065979537351637e+01,4.713513992602386793e+00
5.979964062317404405e+00,-1.751587689837708695e+01,4.722380288288315242e+00
5.999436384036980208e+00,-1.775115351910145733e+01,4.731164524215010658e+00
6.024659502960108881e+00,-1.798629018416507463e+01,4.738228033950902862e+00
6.082001529601705592e+00,-1.840099810134820046e+01,4.491922091163123909e+00
6.117782168056542957e+00,-1.862293407389035593e+01,4.510293189608643338e+00
6.156746989697701622e+00,-1.884533429116630643e+01,4.529504427820750578e+00
6.231298382557315385e+00,-1.924751833863910377e+01,4.563669787638690245e+00
6.274051611750532942e+00,-1.947211472531029486e+01,4.583201090544489098e+00
6.343593994130524827e+00,-1.983323142208758227e+01,4.612914927711705637e+00
6.386948699491217241e+00,-2.006009348139864201e+01,4.628782308310100291e+00
6.452621325778115313e+00,-2.041858922873865723e+01,4.520196711567459502e+00
6.489779570067735648e+00,-2.063912454996691181e+01,4.405434230490143044e+00
6.523005808937223371e+00,-2.085722285627035077e+01,4.425628779904713817e+00
6.567663981808861351e+00,-2.124209393269524426e+01,4.198646653408813378e+00
6.583894100156628681e+00,-2.145157713968647428e+01,4.223409632890665399e+00
6.590954459033608437e+00,-2.177787551077323158e+01,3.998245097560822803e+00
6.584088289732219046e+00,-2.197754114469111641e+01,4.027065206492260963e+00
6.551127823150157958e+00,-2.229519133679767506e+01,3.932651387954344990e+00
6.504595320326711061e+00,-2.252585674341521127e+01,3.964956606517933135e+00
6.395764707313182029e+00,-2.285300259025060399e+01,3.881322505839865933e+00
6.241424545347715735e+00,-2.315166430863287061e+01,3.796724851608015872e+00
6.015264048605164504e+00,-2.343692079859435040e+01,3.579639840222117897e+00
5.765304500523143361e+00,-2.363284558264127000e+01,3.628000223158012183e+00
5.484967198317607817e+00,-2.374954764695772980e+01,3.410225490098412138e+00
5.172961905679048122e+00,-2.376172795927505987e+01,3.038948863825751801e+00
4.926598753669352959e+00,-2.367038832181940577e+01,2.922257708043395574e+00
4.739608166369664310e+00,-2.350443026285766734e+01,2.715171710023652984e+00
4.623857878276615097e+00,-2.329768478827944378e+01,2.710879919057751941e+00
4.547450546036677643e+00,-2.310409984031255348e+01,2.702614540003834609e+00
4.469947825935422614e+00,-2.287223561171650132e+01,2.725701997088950446e+00
4.400819362597013118e+00,-2.264645749251208784e+01,2.605389281286412118e+00
4.313386449657842903e+00,-2.243459667657501200e+01,2.589608614729757896e+00
4.182762510654595367e+00,-2.224700091358475262e+01,2.547089464305550610e+00
4.014788454902094905e+00,-2.209587009498892129e+01,2.533431981888644380e+00
3.831070404612895608e+00,-2.195889423467672330e+01,2.546804999999836561e+00
3.649855234129135706e+00,-2.182721745990272311e+01,2.577860044788303995e+00
3.462821941848120311e+00,-2.167994824160568257e+01,2.733181601143234829e+00
3.272840089563084476e+00,-2.151460344586886109e+01,2.873384034050352032e+00
3.087287559926240377e+00,-2.132665401577641262e+01,3.005265861443985553e+00
2.895335821949267530e+00,-2.108745222788347817e+01,3.143810626305960199e+00
2.737871494708691067e+00,-2.084712368321956077e+01,3.264010273075584223e+00
2.600503292791386478e+00,-2.058310904347711201e+01,3.378964014170415808e+00
2.485570529607761259e+00,-2.029819697507318921e+01,3.482577679554822669e+00
2.421230866451235197e+00,-2.009850632433857243e+01,3.539704998183278217e+00
2.338307294523726210e+00,-1.978751807573510391e+01,3.636612648678978932e+00
2.266640156572781617e+00,-1.946438393657728128e+01,3.735384999347092450e+00
2.201811302984059360e+00,-1.913049342698693778e+01,3.834666326001388015e+00
2.142768353155332317e+00,-1.878667179021704925e+01,3.926248229680007640e+00
2.084565464985736138e+00,-1.839420793154770450e+01,4.017118978826273334e+00
2.055438047954424530e+00,-1.819455789575946270e+01,4.062252983392648176e+00
2.011942327377797657e+00,-1.787013432219390197e+01,4.127773447045189670e+00
1.985780358930842482e+00,-1.766459927418498665e+01,4.165814126815829965e+00
1.939868333570556436e+00,-1.728975788648054746e+01,4.230367403165622875e+00
1.913066993721854736e+00,-1.707922516871411034e+01,4.265308869745673803e+00
1.885252100079661153e+00,-1.686709873585004971e+01,4.298070840427775430e+00
1.839010430992927159e+00,-1.652465432406820156e+01,4.345324435147517761e+00
1.811123101979402295e+00,-1.630858978396893022e+01,4.372334921088329551e+00
1.781586928248824364e+00,-1.609141440142911605e+01,4.399235730541427358e+00
1.720800203576904774e+00,-1.569854896595495752e+01,4.440134941085765341e+00
1.653940211376394354e+00,-1.530450922401895930e+01,4.341678338603462528e+00
1.613114084872417031e+00,-1.509224671587295674e+01,4.230735082176125594e+00
1.567652922739472876e+00,-1.488524714199152399e+01,4.256077505213023748e+00
1.517250755193931377e+00,-1.468096281232751998e+01,4.147424210585839432e+00
1.461638412572391799e+00,-1.448101642640575371e+01,4.172048454215071089e+00
1.398616952879907060e+00,-1.428210067973436814e+01,4.195195387710869639e+00
1.266386654702052361e+00,-1.392766706962071588e+01,4.237060840820453755e+00
1.103307889938327069e+00,-1.358291340138511494e+01,4.273162937407569473e+00
9.991606292381220999e-01,-1.339694359517008593e+01,4.294341989945981375e+00
8.143582515083621631e-01,-1.310796467292078127e+01,4.327589094647029455e+00
6.870725009036258157e-01,-1.293371095857526321e+01,4.348634704538796747e+00
5.510153813711072823e-01,-1.276488124624856368e+01,4.367687404146876951e+00
4.067042854792429218e-01,-1.260183799841369101e+01,4.383685571304860140e+00
1.667195028822748282e-01,-1.236162860535482366e+01,4.154924027965182454e+00
1.531248041338301169e-02,-1.222351952062304470e+01,4.054342805618699863e+00
-2.531544590559094976e-01,-1.198937753267734330e+01,3.845609985605650483e+00
-5.391257057327782931e-01,-1.172595631547077311e+01,3.914189624435171044e+00
-7.884594487949165842e-01,-1.147345658065140483e+01,3.975747118756243204e+00
-1.021655239390246050e+00,-1.120044752103953023e+01,4.033414154858175671e+00
-1.141872442944458887e+00,-1.103889825785608103e+01,4.065468997225988979e+00
-1.254923101559981991e+00,-1.087047158639590805e+01,4.097202153959861093e+00
-1.360048978781115192e+00,-1.069519137758736349e+01,4.127623004084879810e+00
-1.457423167662091901e+00,-1.051376675014022233e+01,4.154904271167392693e+00
-1.546253409319052308e+00,-1.032643079288092913e+01,4.181599384765883443e+00
-1.683980425478945442e+00,-9.975967620991731621e+00,4.227526199411514973e+00
-1.747125860595894808e+00,-9.774601930420276474e+00,4.252417834724932177e+00
-1.829949563254197553e+00,-9.444560466104483965e+00,4.291013066590275038e+00
-1.868658888993000255e+00,-9.233914415817938703e+00,4.312932506701501190e+00
-1.910073717652115199e+00,-8.891561335252566423e+00,4.346922617724711557e+00
-1.923742360114106820e+00,-8.675174236628730995e+00,4.363357787962248935e+00
-1.924441941125837996e+00,-8.461730829311941093e+00,4.248216726644481689e+00
-1.895814446007944909e+00,-8.081464103282915090e+00,4.279844677743674275e+00
-1.860612259530593171e+00,-7.877026338643404735e+00,4.166338967330277754e+00
-1.748763481055293667e+00,-7.490394054415854264e+00,4.077946730611615500e+00
-1.601859133955601644e+00,-7.155999970346844208e+00,4.122480162348153954e+00
-1.500385430403539111e+00,-6.979883618201151663e+00,4.011682118041589362e+00
-1.270578743057196425e+00,-6.666236091832804966e+00,3.815384385342172280e+00
-1.029045524432767866e+00,-6.385648746099554351e+00,3.631467856327467825e+00
-8.319944420764121551e-01,-6.135864041377149469e+00,3.427843006361487088e+00
-6.648150638445119442e-01,-5.870569649702157555e+00,3.507788922503402240e+00
-5.414773717632683780e-01,-5.617799797711979792e+00,3.561319786747585425e+00
-4.385753243267505042e-01,-5.278381996252935693e+00,3.616234687172153794e+00
-4.235796234674323313e-01,-4.970865506834705627e+00,3.399449063621923894e+00
-5.070441638412953589e-01,-4.666247261014127901e+00,3.191531043310028348e+00
-6.662105854604695176e-01,-4.449135803729825867e+00,3.125729769884882270e+00
-8.860148584754916623e-01,-4.281245068956714306e+00,3.208750297539790797e+00
-1.141835714270208468e+00,-4.202094785525454235e+00,2.991139044414864667e+00
-1.414554712136705472e+00,-4.227733746910693036e+00,2.756229037917888647e+00
-1.614161846325217864e+00,-4.312722563413045940e+00,2.809711826417685909e+00
-1.811132756677747091e+00,-4.489602213940722564e+00,2.628057923620640945e+00
-1.921550817017555923e+00,-4.684921368935976993e+00,2.503338017508876856e+00
-2.030091643055726980e+00,-4.910315258920792125e+00,2.530751500454278879e+00
-2.167428834044422992e+00,-5.123101550041800678e+00,2.514816197518735752e+00
-2.332610053688001450e+00,-5.280813904481282961e+00,2.455234063879134787e+00
-2.527173023160962817e+00,-5.397097813503893171e+00,2.518697026756389068e+00
-2.772984896828004420e+00,-5.477720869113859692e+00,2.626843040178461930e+00
-3.028422048878860462e+00,-5.486739923746617009e+00,2.472964085211183605e+00
-3.255214865460554385e+00,-5.461843957467155342e+00,2.614798576618019510e+00
-3.493850939258027033e+00,-5.423673538839397068e+00,2.788798483831403718e+00
-3.746634630918772135e+00,-5.373966260772737868e+00,2.946724006340462942e+00
-4.008775917148446055e+00,-5.307067163618009786e+00,2.934467466398851254e+00
-4.288429715252592977e+00,-5.203407952101302136e+00,2.924710391762682438e+00
-4.517526567109998226e+00,-5.078202873913932436e+00,2.894940873606835385e+00
-4.696936360279046596e+00,-4.935132931408105605e+00,2.844848810843808362e+00
-4.874959160074980424e+00,-4.716268258921219925e+00,2.820110621369712245e+00
-4.984596781730314952e+00,-4.483986306726679416e+00,2.914782434867294381e+00
-5.035596530227636869e+00,-4.254837729079839370e+00,3.000791311208845347e+00
-5.035504676366547194e+00,-3.983494403262202166e+00,3.080211565701791443e+00
-4.979249026067607886e+00,-3.718455359423915141e+00,2.903203799161332643e+00
-4.882537854797591947e+00,-3.479304288459504679e+00,2.893866007669947837e+00
-4.767963292007829423e+00,-3.239622386875538051e+00,3.053262080439709258e+00
-4.614523473380381269e+00,-2.968251363086673145e+00,3.198408039980283668e+00
-4.451568561390807588e+00,-2.725058781041176825e+00,3.322543599298484196e+00
-4.245732865925537780e+00,-2.457082895929726174e+00,3.451906517896767834e+00
-4.037007477749968487e+00,-2.221473339733508467e+00,3.561661681834804138e+00
-3.810637351629992509e+00,-1.989403475504743390e+00,3.662103720850200084e+00
-3.592034475323611087e+00,-1.790676036689146322e+00,3.744234887694903868e+00
-3.298000255521620794e+00,-1.552605575383144920e+00,3.842109697755073494e+00
-3.013359732746557107e+00,-1.351672049894155014e+00,3.922692736407285441e+00
-2.711227869393937340e+00,-1.164281288869654762e+00,3.999645736961858322e+00
-2.429760142265849243e+00,-1.008535042367502577e+00,4.062178261063800200e+00
-2.247785432594247901e+00,-9.173865723570768793e-01,4.098441142542325721e+00
-2.061110861882079703e+00,-8.319212884269668873e-01,4.134891855111608727e+00
-1.716441157164080522e+00,-6.868534456460726467e-01,4.191667759188865361e+00
-1.519749192832951623e+00,-6.134983572575176680e-01,4.221980958392093974e+00
-1.319827557679285501e+00,-5.447050824761271448e-01,4.250876746284181884e+00
-9.526279172390643701e-01,-4.319578354425946953e-01,4.298812907340990641e+00
-6.189776060551890335e-01,-3.447441747264397005e-01,4.336261063336049659e+00
-4.069363369115823748e-01,-2.987031635428201715e-01,4.359794724864306303e+00
-1.925016616286394922e-01,-2.587974280771719315e-01,4.383383478255663768e+00
2.397822026694068631e-02,-2.239412457697225467e-01,4.405028994481381410e+00
2.423334674181760739e-01,-1.940749752031354913e-01,4.427494974467801825e+00
4.624776985071809010e-01,-1.695213043441103351e-01,4.448512293457983269e+00
8.178447383007895199e-01,-1.402646426091648524e-01,4.478350471572591474e+00
1.041649937678824189e+00,-1.304423243257791520e-01,4.496371408109008705e+00
1.447034526413657485e+00,-1.264178713818110700e-01,4.526423667377165394e+00
1.673330178140138180e+00,-1.319101382716819371e-01,4.540962321399162782e+00
1.900138520121364527e+00,-1.429317508443474494e-01,4.555063461156994009e+00
2.127196237258448086e+00,-1.605835507636365067e-01,4.569165377848036336e+00
2.354445349261343523e+00,-1.837801717867810214e-01,4.582489621467762397e+00
2.717804851147494816e+00,-2.334535598041352078e-01,4.601511136876500707e+00
2.944445689629674234e+00,-2.725360998193422368e-01,4.613074728486860288e+00
3.170615966198294444e+00,-3.172972820277998318e-01,4.623624576368862371e+00
3.575039411845974069e+00,-4.153276978249019202e-01,4.640438904926212693e+00
3.931436501660759752e+00,-5.189054765967993088e-01,4.653606003689546355e+00
4.152027878600632604e+00,-5.922468379702849894e-01,4.661268236958388655e+00
4.370024586168815617e+00,-6.738915043176663122e-01,4.670114788083265189e+00
4.713972738281453800e+00,-8.189321113054095491e-01,4.684579374176454536e+00
4.926527592544559297e+00,-9.166857470912707084e-01,4.693216206459364770e+00
5.136639313746237612e+00,-1.020615398751591352e+00,4.699321831560030027e+00
5.343966901491331356e+00,-1.130685794487910512e+00,4.705573049058917157e+00
5.548345799135863565e+00,-1.246794629112322417e+00,4.711536203334470763e+00
5.906733378302511994e+00,-1.472750908869635555e+00,4.722020047116675556e+00
6.100935902852794968e+00,-1.606550920534388194e+00,4.728858612218092894e+00
6.405533190841775415e+00,-1.830529343318512581e+00,4.738044024565199130e+00
6.590290202141614984e+00,-1.978357666523177905e+00,4.742661103570077863e+00
6.771481172352834754e+00,-2.130979842793319534e+00,4.748551765727108354e+00
7.083920461764293464e+00,-2.416093909332176715e+00,4.626426051031558906e+00
7.373592730886856295e+00,-2.711455628065958745e+00,4.513300182147484740e+00
7.630399592576315726e+00,-3.013955500724029513e+00,4.411846681648848190e+00
7.764365008806685786e+00,-3.188759772677768556e+00,4.427593576789725205e+00
7.987639888056074611e+00,-3.518588688712646739e+00,4.454936580162221382e+00
8.102562225529931439e+00,-3.709074269269178714e+00,4.472184716501294233e+00
8.291758627090903389e+00,-4.064408984215662990e+00,4.502639059076473771e+00
8.387474971556130754e+00,-4.267930087779045145e+00,4.518470146102893104e+00
8.524588136304183550e+00,-4.602345981288450183e+00,4.543711331496130157e+00
8.601792280232942289e+00,-4.815781535004621361e+00,4.558360633379119342e+00
8.673053748706880839e+00,-5.032116350458469611e+00,4.572356273141362060e+00
8.785850934599519491e+00,-5.428280395004268399e+00,4.598253249759623351e+00
8.878789557908483232e+00,-5.831960194899972194e+00,4.621659174422949157e+00
8.945241152024115294e+00,-6.195767941594132466e+00,4.637835587178829932e+00
8.977789598627090584e+00,-6.425181841640705827e+00,4.646160977211262200e+00
9.003398503597892955e+00,-6.655847307649247924e+00,4.654613362427785006e+00
9.033824658633196947e+00,-7.113409171256206420e+00,4.540939648762216230e+00
9.034331948737833073e+00,-7.476471608654327916e+00,4.561169655061405592e+00
9.023692740244179333e+00,-7.703876390341198643e+00,4.572753143037985524e+00
8.982770127006839189e+00,-8.112817160255220372e+00,4.590103498593721021e+00
8.921848529550150175e+00,-8.474260261692434071e+00,4.605109377716845032e+00
8.871107487536081138e+00,-8.698221927043974233e+00,4.613984241610260106e+00
8.757258202030177685e+00,-9.096767561708581695e+00,4.632159931159216981e+00
8.682437176974497461e+00,-9.315427143049427983e+00,4.642278526171428332e+00
8.545301278901037634e+00,-9.659959172960231655e+00,4.656805831104662730e+00
8.451326261502778436e+00,-9.872675705648221722e+00,4.665643921430701724e+00
8.265129650218927537e+00,-1.024592890947609369e+01,4.551811923964834250e+00
8.156939542798747667e+00,-1.044148672379238185e+01,4.437878476855898313e+00
8.047128858371920046e+00,-1.062978682996726221e+01,4.329668698369919966e+00
7.938144056673784199e+00,-1.081098117643556300e+01,4.219792126588888692e+00
7.739501152083422042e+00,-1.113746731856938332e+01,4.273843110211373642e+00
7.628625622655230920e+00,-1.132101652688468540e+01,4.304261774260712770e+00
7.451539702886293526e+00,-1.161825046207702172e+01,4.349509918656756291e+00
7.341207645011887273e+00,-1.180623652477172669e+01,4.376728886759078563e+00
7.233188804014179851e+00,-1.199699955160686038e+01,4.401093115190914062e+00
7.128224229309632065e+00,-1.219081380131752113e+01,4.425685596102862718e+00
7.025429083824104914e+00,-1.238714135111425918e+01,4.448884573536942000e+00
6.847486794229568297e+00,-1.274716603200590370e+01,4.485015332408542221e+00
6.755167109349709875e+00,-1.295176629642751642e+01,4.505192644336216468e+00
6.614081610604451100e+00,-1.328416388866323494e+01,4.531468175619794536e+00
6.532475996044018629e+00,-1.349562818405569509e+01,4.547922684918395575e+00
6.455741268076102379e+00,-1.370967519365311738e+01,4.560042157666133633e+00
6.331482432346510869e+00,-1.410124391681657308e+01,4.584117652211790350e+00
6.269557494693542843e+00,-1.432187043246855573e+01,4.596855220600616576e+00
6.171252569521512577e+00,-1.472404367214124932e+01,4.617583600323553306e+00
6.125473466424648628e+00,-1.495025049976218234e+01,4.629525958341683456e+00
6.054395033086734657e+00,-1.536109074007124953e+01,4.647871781362844956e+00
6.023512160359279832e+00,-1.559133084073531528e+01,4.656793443801087840e+00
5.983115022558505913e+00,-1.600868672834180728e+01,4.675306583981964081e+00
5.966890746371715792e+00,-1.624182185129127376e+01,4.683968190560562128e+00
5.957741123171129694e+00,-1.647572798745838796e+01,4.692179634211564476e+00
5.954392261187093638e+00,-1.685117056151241854e+01,4.707362916415169352e+00
5.958939972135114616e+00,-1.708641421186720066e+01,4.715945280836619347e+00
5.975510133205445662e+00,-1.746348948299334580e+01,4.729569570030822234e+00
5.996659392038071523e+00,-1.774648110926131395e+01,4.738989295382465272e+00
6.036893585232395054e+00,-1.812350726879084206e+01,4.750174515793918140e+00
6.068752916505300909e+00,-1.835343643950169223e+01,4.493616825941721515e+00
6.104635753499696449e+00,-1.857538053285459512e+01,4.377985025841192090e+00
6.142492017536455684e+00,-1.878991330588094044e+01,4.269205492061903584e+00
6.206410078528027618e+00,-1.912701690819054079e+01,4.315759223931394217e+00
6.247359241456410750e+00,-1.933958736398778555e+01,4.345969469417164888e+00
6.289191174183280886e+00,-1.955349059954615853e+01,4.374563286786821159e+00
6.332747536269996758e+00,-1.976843386886616827e+01,4.402300911524923421e+00
6.417988632993147924e+00,-2.020261456914909814e+01,4.450773861584222502e+00
6.458971515836577915e+00,-2.042169981061803341e+01,4.470450000070925078e+00
6.517139426273306668e+00,-2.076749481227794547e+01,4.369205542055189184e+00
6.547449397723518416e+00,-2.098413641075381264e+01,4.388390291036173174e+00
6.571564684184695082e+00,-2.119838928255832755e+01,4.276698814616179511e+00
6.590701837289990372e+00,-2.141147795585110458e+01,4.297199381190957013e+00
6.603444772408366248e+00,-2.178399198174230378e+01,4.073514827060527033e+00
6.597321757655641328e+00,-2.198729067107879587e+01,4.097400520467745721e+00
6.562313199620535720e+00,-2.230074600826144859e+01,3.872619283352093156e+00
6.485220299748149841e+00,-2.264003183848918965e+01,3.921770716266474555e+00
6.344380669072526402e+00,-2.299413092147421622e+01,3.841953620962576199e+00
6.165869172184994973e+00,-2.327569476549650318e+01,3.755791783593224853e+00
5.940622246615778757e+00,-2.350474224835084058e+01,3.539527423060516487e+00
5.677640053158236277e+00,-2.366918448156805255e+01,3.458760233561286590e+00
5.365031406911205281e+00,-2.374836055387525846e+01,3.242626823953612014e+00
5.101277809922532214e+00,-2.370763140625190601e+01,2.996742589369636445e+00
4.877887028380254009e+00,-2.358494318221126207e+01,2.901156419955815746e+00
4.723970692661473514e+00,-2.339929350463742352e+01,2.720818772547911824e+00
4.634998263591031176e+00,-2.318906929366261593e+01,2.590503545313047606e+00
4.568931924427063862e+00,-2.297269121257631141e+01,2.624000452546095374e+00
4.497977222936262010e+00,-2.271417058283182300e+01,2.648095578680088380e+00
4.428668852934370292e+00,-2.248804998495134200e+01,2.509170880224528499e+00
4.319658039865551302e+00,-2.228986003192531484e+01,2.486254436412609792e+00
4.164553874663119437e+00,-2.211861638653425999e+01,2.443160927870188903e+00
3.978884450499423409e+00,-2.198693476946276348e+01,2.436067573755225091e+00
3.766194798965877943e+00,-2.185482558194777525e+01,2.484733692631416080e+00
3.574133366108141807e+00,-2.172785914717445976e+01,2.646538057729135751e+00
3.355664320420297830e+00,-2.156463417656587467e+01,2.811726613779687245e+00
3.160571369647307893e+00,-2.139459408851026012e+01,2.944642658470168151e+00
2.975315767589023608e+00,-2.119814088656298878e+01,3.068724736356175153e+00
2.808576509982599223e+00,-2.097220437698021200e+01,3.191572236180006961e+00
2.661000444694881395e+00,-2.072122744784104142e+01,3.309643967351142191e+00
2.521964177160294529e+00,-2.041638960123046687e+01,3.429592382718026133e+00
2.419266843621370899e+00,-2.012216947766198061e+01,3.530749355493562280e+00
2.324423946327042856e+00,-1.977782624967863256e+01,3.642019564723614877e+00
2.254377031172758894e+00,-1.945425994229537991e+01,3.733588388020862237e+00
2.190679137879011140e+00,-1.912036987440798086e+01,3.832115124000232687e+00
2.132263872394324800e+00,-1.877668960668083642e+01,3.923999682492402830e+00
2.079328110556609044e+00,-1.842409437314946175e+01,4.007953782811910060e+00
2.050730766346898104e+00,-1.822483864346261484e+01,4.052724608398075468e+00
2.001844429538444103e+00,-1.786029770181123766e+01,4.126940172624444791e+00
1.959586771181422993e+00,-1.753065121441571605e+01,4.188800927399963570e+00
1.934334772689209503e+00,-1.732198720285222748e+01,4.226140793062729273e+00
1.889823083778484847e+00,-1.694191131779055937e+01,4.284798555699414813e+00
1.863769819217815371e+00,-1.672868185230664295e+01,4.314925298480999594e+00
1.836592147722472701e+00,-1.651401469132542488e+01,4.345781001025097012e+00
1.808880020616715267e+00,-1.629791128189045324e+01,4.372677730282986452e+00
1.754222148755159916e+00,-1.590622577658778880e+01,4.418996497793770573e+00
1.721685081403605544e+00,-1.568722890993988806e+01,4.441469092638606675e+00
1.666063576574723371e+00,-1.534053735184472345e+01,4.342472422729606762e+00
1.626521302832536486e+00,-1.512798439547010254e+01,4.231486416590880317e+00
1.583248357928887184e+00,-1.492045448063147539e+01,4.254878733921316325e+00
1.534636726042094113e+00,-1.471438668539867400e+01,4.144729178196337571e+00
1.429248288061200967e+00,-1.435540434324381387e+01,4.189814127842533154e+00
1.300546551076826596e+00,-1.399996821730961827e+01,4.236572848484114751e+00
1.146427701652920961e+00,-1.365231967893563159e+01,4.139557362903399707e+00
9.848501828500305644e-01,-1.336322550488673677e+01,4.183484274891405619e+00
7.766066542878119483e-01,-1.304949017859874516e+01,4.228927227321602977e+00
6.488089533602572345e-01,-1.288143846491826849e+01,4.256964230471651511e+00
4.275825589723619147e-01,-1.262249502731480888e+01,4.293815226833887166e+00
2.797486865453176486e-01,-1.246726138925136596e+01,4.315133464980721811e+00
1.278156555801851502e-01,-1.232212305198279267e+01,4.070008675492538863e+00
-1.455825074329614721e-01,-1.208389645508455601e+01,3.865027553664754922e+00
-3.769516371919749420e-01,-1.188158163479444696e+01,3.788521452728415007e+00
-6.274853504700078632e-01,-1.164527994352366846e+01,3.853952551475102073e+00
-8.676086511146359204e-01,-1.139146326339980497e+01,3.921971415725747256e+00
-1.018685890672265115e+00,-1.121071206861285852e+01,3.964089884943218234e+00
-1.205958147230866029e+00,-1.095427850014941207e+01,4.017751339008002631e+00
-1.312454631762436597e+00,-1.078434118208477344e+01,4.050618871579891866e+00
-1.410282619276234328e+00,-1.060746753096535144e+01,4.085002717475085809e+00
-1.566976776595979226e+00,-1.027452253760303158e+01,4.139298140317351660e+00
-1.642097514042759165e+00,-1.008196782325019214e+01,4.168146977526925312e+00
-1.743419370027149640e+00,-9.763991005918878585e+00,4.213664453297387702e+00
-1.794310220785185095e+00,-9.559822617569260217e+00,4.239901693561463958e+00
-1.862230984180651250e+00,-9.183912331179692856e+00,4.286599093446750608e+00
-1.900288175167020421e+00,-8.842938667045658008e+00,4.321826721147306039e+00
-1.910347515349838377e+00,-8.630157072309305732e+00,4.208013531234936266e+00
-1.908430447087507975e+00,-8.420237057963829486e+00,4.230166967015451362e+00
-1.895373156738088927e+00,-8.209764210856597799e+00,4.249662351560357543e+00
-1.840550077871572876e+00,-7.841810468574986537e+00,4.150522447418603100e+00
-1.788836957035322639e+00,-7.646378003997880590e+00,4.039363703082410773e+00
-1.664614375152611458e+00,-7.306683970628390590e+00,4.084630813652567305e+00
-1.496352689530322300e+00,-6.981466707767952862e+00,4.132040350717404387e+00
-1.386841208585635643e+00,-6.814372527661732626e+00,4.027724210035029451e+00
-1.196963003317705665e+00,-6.570390488574571641e+00,3.821592218481304926e+00
-9.554435769972164927e-01,-6.288156340011872736e+00,3.631017861640195576e+00
-7.628777974694960218e-01,-6.029613301627009037e+00,3.563834506055681750e+00
-6.009423671530886857e-01,-5.748640814023109336e+00,3.632252481465882088e+00
-5.151187234612155663e-01,-5.553326199661472451e+00,3.538285592675705526e+00
-4.482617221038090460e-01,-5.294674130917272237e+00,3.325893263388310928e+00
-4.457979338914357936e-01,-5.011527663281308165e+00,3.124965770220260897e+00
-5.273785320647365049e-01,-4.758767854652278473e+00,2.925291889012420654e+00
-6.800503703373145248e-01,-4.548270068487242135e+00,3.013136778235226743e+00
-9.187069912941636662e-01,-4.366476775929334586e+00,3.118019665668032570e+00
-1.170456152942880745e+00,-4.281494420340883345e+00,2.916281812024003273e+00
-1.408502860948373403e+00,-4.295138141595216119e+00,2.564431845762422668e+00
-1.632700213364830955e+00,-4.393982408735867651e+00,2.493466000139699101e+00
-1.804215623144631575e+00,-4.541207533663541795e+00,2.577424970156934503e+00
-1.982273898296031289e+00,-4.814197252183606501e+00,2.515952424814836608e+00
-2.106006635295028406e+00,-5.004676414903532766e+00,2.511721683856684262e+00
-2.282767594985985138e+00,-5.186745499034403295e+00,2.475124127392981155e+00
-2.477783777104764606e+00,-5.308662788230254392e+00,2.555721381893187427e+00
-2.695710961379564452e+00,-5.384666494470936371e+00,2.515350955974787084e+00
-2.922186056529423759e+00,-5.408382474156966602e+00,2.494935876878281444e+00
-3.151418798988451009e+00,-5.401066555687830117e+00,2.634927807715299775e+00
-3.393593192170219375e+00,-5.384071361275232448e+00,2.798971076552743575e+00
-3.650086696093320260e+00,-5.352849930685608548e+00,2.961626578003275334e+00
-3.917069886077360064e+00,-5.303218314289275703e+00,3.085510638338090139e+00
-4.204605214720070094e+00,-5.221240034404808661e+00,2.942011577952195811e+00
-4.440226865028582992e+00,-5.112171566839295522e+00,2.914686691842050870e+00
-4.651599769202471535e+00,-4.966578627274412128e+00,2.880085059799928349e+00
-4.826073811010654246e+00,-4.783276401879221318e+00,2.838004216786405909e+00
-4.970438703083031484e+00,-4.535111471476753309e+00,2.931704648120165402e+00
-5.035607533595871210e+00,-4.308586904823106245e+00,3.001344152330126747e+00
-5.048912886096723618e+00,-4.037273088158360501e+00,3.091921699844099702e+00
-4.998465209824256128e+00,-3.776061740968958524e+00,2.923361283853473935e+00
-4.895038630069119101e+00,-3.515342811459965855e+00,2.798796955234784889e+00
-4.784413925166492554e+00,-3.283454885582949068e+00,2.961200898584102514e+00
-4.654743039197692944e+00,-3.044263633132103575e+00,3.099429424336172190e+00
-4.483262611737003134e+00,-2.778732036598350330e+00,3.239989992897796878e+00
-4.306656984097248397e+00,-2.540702683639418868e+00,3.361489982233107465e+00
-4.105942806947215473e+00,-2.308249847680784228e+00,3.479980378242387040e+00
-3.886661637653820112e+00,-2.079151388741616202e+00,3.589610523002890741e+00
-3.649147244846876248e+00,-1.854972055279925813e+00,3.688775382015329729e+00
-3.391346629916485611e+00,-1.640819141967529982e+00,3.779763651325047658e+00
-3.085041516352280411e+00,-1.412835990884424797e+00,3.875191129061239081e+00
-2.790537931831027496e+00,-1.221506911572192156e+00,3.949769367920422880e+00
-2.479859964831878649e+00,-1.043800727093462388e+00,4.023610692431065061e+00
-2.153991565156207155e+00,-8.810162002108448132e-01,4.091853011124833905e+00
-1.814562799998245879e+00,-7.330929259137808351e-01,4.155840451664023938e+00
-1.621165786878938642e+00,-6.560273107825322914e-01,4.187879723917429686e+00
-1.423942339229876231e+00,-5.848031588144537718e-01,4.216848942657756893e+00
-1.061024890428784673e+00,-4.684149740484360724e-01,4.267495910876815124e+00
-6.885959800200118774e-01,-3.685910426707472154e-01,4.315944275008514630e+00
-4.783469644999498449e-01,-3.186290230695926762e-01,4.341253125662723811e+00
-9.391554641353486166e-02,-2.433622126677545683e-01,4.378952921614125415e+00
1.228160356723373425e-01,-2.110305343302065761e-01,4.401728596480721123e+00
4.732103117775805501e-01,-1.693153091142680089e-01,4.436308092664852154e+00
6.942961772303042345e-01,-1.500422369739857209e-01,4.456124635760136066e+00
9.168158602375022781e-01,-1.357278945143619298e-01,4.475749547183770716e+00
1.140549932342313610e+00,-1.266491327182873716e-01,4.492242825790364158e+00
1.545551587448844799e+00,-1.261326373481559127e-01,4.521554159248518445e+00
1.952705940449375843e+00,-1.441328914775780456e-01,4.548501716723891697e+00
2.179331241527567631e+00,-1.625921583582359276e-01,4.562079615957626899e+00
2.587604689150894366e+00,-2.099559596840624986e-01,4.586247456117266807e+00
2.814233819801063241e+00,-2.443092609467323317e-01,4.596030229062021633e+00
3.175820300304102339e+00,-3.117182246706887150e-01,4.613323170400975393e+00
3.400554048601924340e+00,-3.627861071846458230e-01,4.621674282153493962e+00
3.801107604323953559e+00,-4.744912451786982288e-01,4.640524179707803398e+00
4.197477968198350062e+00,-6.060983555091831176e-01,4.660032233664424872e+00
4.415463887664803799e+00,-6.877557931828590654e-01,4.668619987202489163e+00
4.759308373896749877e+00,-8.327306959177829260e-01,4.678909251703324834e+00
4.970765146552911240e+00,-9.322220010241423216e-01,4.686603668779470766e+00
5.345265314231675724e+00,-1.125921283444632159e+00,4.699359671044922138e+00
5.548699324463528093e+00,-1.242898120802756967e+00,4.705700231077570628e+00
5.749048926101536949e+00,-1.365721122672394205e+00,4.713149197703956794e+00
6.102461124890097288e+00,-1.599852333358076750e+00,4.722858440668510127e+00
6.293158045977528481e+00,-1.738660138152133827e+00,4.728522411627668731e+00
6.627211554644011571e+00,-2.001838592859577215e+00,4.739599438839595891e+00
6.807608855395960390e+00,-2.155122841381637233e+00,4.743925817134176270e+00
6.983902149832228901e+00,-2.313435249702277652e+00,4.748382799033532997e+00
7.155542881555608581e+00,-2.477055612327073941e+00,4.751972546458800295e+00
7.413319075191312280e+00,-2.746656251188891673e+00,4.495979486599783748e+00
7.558359057864003638e+00,-2.917813705742908770e+00,4.511135487098932195e+00
7.697583711580946009e+00,-3.094604594406161535e+00,4.525932206635363109e+00
7.933917655763569776e+00,-3.425864065643990486e+00,4.547634969713152842e+00
8.055127573606041480e+00,-3.617737605389907074e+00,4.560180073789895872e+00
8.233640717274878895e+00,-3.935410465437229721e+00,4.580330384080854245e+00
8.336321272816812566e+00,-4.139690852016101985e+00,4.590806375044640397e+00
8.430713088957373813e+00,-4.348481654937377705e+00,4.602387870861829988e+00
8.517812568313569699e+00,-4.561059795209427392e+00,4.613543488725791342e+00
8.656960109678163207e+00,-4.952080262929392518e+00,4.634914678195822368e+00
8.764084345735117410e+00,-5.307039962326271620e+00,4.652605486994692896e+00
8.823258412459230371e+00,-5.531952024757870845e+00,4.663335982367644128e+00
8.912221801909534946e+00,-5.942156896218921958e+00,4.679649911942405538e+00
8.952532600273240604e+00,-6.172450232789358004e+00,4.687778645218833695e+00
9.009025650359923532e+00,-6.590327991940140073e+00,4.699329290366809353e+00
9.040018797403870821e+00,-7.001324839845198156e+00,4.586796261018397658e+00
9.048540608900921711e+00,-7.230242487440631471e+00,4.596974795260763358e+00
9.038767405992915727e+00,-7.632974370395689157e+00,4.489980085088038031e+00
9.021603717991972360e+00,-7.856444401938930788e+00,4.505039963571781492e+00
8.995856729299731569e+00,-8.079821841744815103e+00,4.518512176389276824e+00
8.926982754222711591e+00,-8.480227544418418972e+00,4.541098903707017520e+00
8.875493265388364250e+00,-8.700858954392755251e+00,4.553221238351846445e+00
8.774626875097874645e+00,-9.050345840903203154e+00,4.574873238831235867e+00
8.701261370057075339e+00,-9.266548010641876942e+00,4.587814104037716056e+00
8.547218101235667831e+00,-9.649198472434479257e+00,4.473177647588610029e+00
8.452846839345044216e+00,-9.851640916950508142e+00,4.355540050388777118e+00
8.272330045105082519e+00,-1.019272630226487664e+01,4.132693540288881806e+00
8.168882110138330432e+00,-1.037205441524034022e+01,4.165216666382402622e+00
7.977606012881699904e+00,-1.069739468912101010e+01,4.224221878402024899e+00
7.867994565596242218e+00,-1.087888347235048769e+01,4.258001366152202039e+00
7.757300369930732131e+00,-1.106159627120759303e+01,4.289524880662731299e+00
7.644916667598210758e+00,-1.124501262929537759e+01,4.320348519595150982e+00
7.463878095863008433e+00,-1.154119458556575850e+01,4.360684263299604346e+00
7.351739303643042511e+00,-1.172876155655319508e+01,4.382632438150045218e+00
7.242891183940599831e+00,-1.191943044056698753e+01,4.404361448507286170e+00
7.137529260969970757e+00,-1.211323054821839307e+01,4.427333406148042272e+00
6.972130496220672491e+00,-1.242759793895696241e+01,4.462041132489511952e+00
6.872329841731411371e+00,-1.262742048003470252e+01,4.480901035521896780e+00
6.703370269006527771e+00,-1.299471468284458631e+01,4.514174838257528855e+00
6.546485078277072489e+00,-1.337029655283154561e+01,4.541143062719056545e+00
6.420527960645757481e+00,-1.371135524502279246e+01,4.559602651446532207e+00
6.349355141003765191e+00,-1.392788907036862867e+01,4.571654852243791645e+00
6.240154233936871186e+00,-1.432469549367776374e+01,4.594880616208971702e+00
6.187744347011687296e+00,-1.454812318278718308e+01,4.607126788379511950e+00
6.103975417917530066e+00,-1.495459573857433533e+01,4.630454549655065755e+00
6.065406177730304549e+00,-1.518285577330377123e+01,4.640572416910308640e+00
6.010589901679249891e+00,-1.559714842032677851e+01,4.657342202763065764e+00
5.973528792628740369e+00,-1.601490854020780219e+01,4.673663870264612719e+00
5.961017465969297824e+00,-1.624818903088402777e+01,4.683084949285488463e+00
5.952094923365481627e+00,-1.666977191949240122e+01,4.700582636256430469e+00
5.953488816493194946e+00,-1.690474881545853947e+01,4.709709335537634267e+00
5.960378533158168679e+00,-1.714008670045050664e+01,4.718363362370125103e+00
5.985442834506424781e+00,-1.756422550350238510e+01,4.733310220001496482e+00
6.027151589055402603e+00,-1.798838699726004009e+01,4.747673548690258372e+00
6.056827680982687312e+00,-1.822250944554644647e+01,4.622862293582093329e+00
6.111980480267718896e+00,-1.858198246030951495e+01,4.514877126021532128e+00
6.149343438677685292e+00,-1.880495873881200097e+01,4.534459476143721801e+00
6.222711406294639147e+00,-1.920784934675502598e+01,4.569226027066178197e+00
6.266488178204141946e+00,-1.943248839613045931e+01,4.587758676318882678e+00
6.345420153519194528e+00,-1.983910853948702524e+01,4.617690010646296805e+00
6.388303360084854887e+00,-2.006632981994536991e+01,4.632909760188006487e+00
6.455028305516965048e+00,-2.043169016666486471e+01,4.655444792237247498e+00
6.493521520336686059e+00,-2.065606720345702030e+01,4.538056421293940268e+00
6.528136286460951787e+00,-2.087515846946819309e+01,4.286687489896761960e+00
6.574043021371118733e+00,-2.125438550579559305e+01,4.200344758731195505e+00
6.597129658990960266e+00,-2.158753446728229974e+01,4.102906558217794597e+00
6.599552044753556501e+00,-2.178860623730442114e+01,3.995589794047774035e+00
6.577591092395091543e+00,-2.214400989753535143e+01,3.914333954962021522e+00
6.516034349905409861e+00,-2.248123839316966510e+01,3.840723688823500126e+00
6.415120713979222344e+00,-2.280825197147631300e+01,3.756879712434832097e+00
6.265827372581818544e+00,-2.310854833015052989e+01,3.676118482351960814e+00
6.070704908981496395e+00,-2.336225981861847600e+01,3.600376341615855402e+00
5.805921252347084227e+00,-2.358111928853747585e+01,3.399392522272638217e+00
5.540397369511291359e+00,-2.369754747699986197e+01,3.194777483906657611e+00
5.269848275875657961e+00,-2.372247657893231931e+01,2.975067612331868006e+00
5.052850897821802079e+00,-2.366270501038366447e+01,2.730278996669572855e+00
4.860682916363010087e+00,-2.352614506022050023e+01,2.520053025462781093e+00
4.735490404154208299e+00,-2.334268378434421720e+01,2.490260006843214580e+00
4.650283585680534237e+00,-2.313673094033702782e+01,2.494834552622130275e+00
4.574993024527231888e+00,-2.291833558246550950e+01,2.656022469365919569e+00
4.498480489080966649e+00,-2.269092736003363342e+01,2.683041928980705482e+00
4.411927702379651706e+00,-2.247717094872627541e+01,2.542757479871995852e+00
4.269858400617187577e+00,-2.227218555338878048e+01,2.506831280953397911e+00
4.014239839241054320e+00,-2.206713687590781348e+01,2.539989568913376239e+00
3.822376707658646566e+00,-2.194353273667077175e+01,2.426723103237991008e+00
3.633467498209443036e+00,-2.182076420726444965e+01,2.590024932517759115e+00
3.438980654549674387e+00,-2.167964456294345155e+01,2.754295928655240200e+00
3.243805153662576046e+00,-2.151773741937488893e+01,2.891074734988639428e+00
3.054850806097449745e+00,-2.133132029469865643e+01,3.018903443411486975e+00
2.860604748966844024e+00,-2.109276329044272558e+01,3.152647229661183825e+00
2.690603737167398091e+00,-2.082114732967547255e+01,3.285385171480853295e+00
2.559522163776612125e+00,-2.055238057450794642e+01,3.395721810680859321e+00
2.452781037841685219e+00,-2.026308812852274954e+01,3.494282122595435691e+00
2.376134283491555532e+00,-1.999233156397694700e+01,3.574195766574015387e+00
2.301412388417093613e+00,-1.967598114985680979e+01,3.670330791918463120e+00
2.235868412473585032e+00,-1.934814963199299953e+01,3.773019511589717823e+00
2.176159698505679252e+00,-1.900986235549260783e+01,3.870896036835439702e+00
2.120535882736889199e+00,-1.866224086136019622e+01,3.960718028738777541e+00
2.075125981236856543e+00,-1.834602515795315725e+01,4.034572065368223548e+00
2.046523003667828355e+00,-1.814547765371042942e+01,4.077637790478092050e+00
1.996875540202441179e+00,-1.777881333714575618e+01,4.152090698582447281e+00
1.970021685771768505e+00,-1.757222117356898039e+01,4.189662052368414713e+00
1.922838227845645731e+00,-1.719548644813245986e+01,4.254926257674354950e+00
1.879972420232311592e+00,-1.685603872415160254e+01,4.306341679461389127e+00
1.851585647164472936e+00,-1.664195924100996393e+01,4.337634312072584208e+00
1.799510085805704707e+00,-1.625290496620480596e+01,4.390563968888504753e+00
1.749610291983334287e+00,-1.590382667800877314e+01,4.430462218472517755e+00
1.714895463272333664e+00,-1.568459551462156476e+01,4.453151287863624574e+00
1.648919313778477891e+00,-1.529066198463102388e+01,4.355777631237457648e+00
1.609439592653759021e+00,-1.508018883864573567e+01,4.246640856215557314e+00
1.528851126893840284e+00,-1.471865544637142165e+01,4.030226323433685032e+00
1.441647941622525853e+00,-1.440708895792443656e+01,4.074033138590557712e+00
1.375927658057423564e+00,-1.421405385321822301e+01,4.104090781296697799e+00
1.300788658449818280e+00,-1.402300603934881273e+01,4.135820258043406028e+00
1.165453507057067517e+00,-1.372041584976633644e+01,4.182511828667594855e+00
1.071411102165297002e+00,-1.353387393835278374e+01,4.204240451663666001e+00
8.801163864873928766e-01,-1.321659161574179642e+01,4.118873411009142949e+00
6.603624653120794274e-01,-1.291752038301424044e+01,4.173253899811290246e+00
5.263321001869275539e-01,-1.275812509498153524e+01,4.198496684952056412e+00
2.680612786751825904e-01,-1.248576284217019072e+01,4.110535785651308949e+00
1.207497123952816220e-01,-1.234851294717612902e+01,4.013510797186959245e+00
-1.440817475598723807e-01,-1.211805642932242399e+01,3.815904505901059895e+00
-3.966481568718102091e-01,-1.189866554690324563e+01,3.619834851285214761e+00
-6.340874541496974715e-01,-1.166962087622899702e+01,3.704078619670596595e+00
-8.880860822162068846e-01,-1.139499704473083597e+01,3.793507122856304203e+00
-1.099155647760455157e+00,-1.112437842957996814e+01,3.867534767742320412e+00
-1.289664866701320634e+00,-1.083142401739271854e+01,3.938181334823296798e+00
-1.457080935117012421e+00,-1.051767880504801944e+01,4.004608368766791493e+00
-1.584727248301249558e+00,-1.022317012685994086e+01,4.059846890985333800e+00
-1.653528629478516754e+00,-1.003228340865888413e+01,4.093485702106911539e+00
-1.756065158755659494e+00,-9.677447144820725100e+00,4.151976677521333592e+00
-1.838394940308588188e+00,-9.269152617282639284e+00,4.212036251568428646e+00
-1.886897971118532746e+00,-8.892481447629476676e+00,4.254379236868519598e+00
-1.900860269839320216e+00,-8.680380937510372874e+00,4.275230337956214655e+00
-1.896044365589485414e+00,-8.305126503027842944e+00,4.180997474870292052e+00
-1.878143077558821927e+00,-8.097482012967182285e+00,4.201450853633446947e+00
-1.820517893399681730e+00,-7.778538782124685191e+00,3.970182664485838231e+00
-1.702541682098098752e+00,-7.400788511135877101e+00,4.024479282628880661e+00
-1.549845898164707858e+00,-7.073823468910858558e+00,4.074674236362143098e+00
-1.447276950392742956e+00,-6.899213839219894062e+00,4.098631651630971540e+00
-1.239928686553104509e+00,-6.613469417109417492e+00,3.894149136132564859e+00
-1.023285564662774316e+00,-6.355640301860602470e+00,3.698665148075470199e+00
-8.256648100842453042e-01,-6.101087332068313884e+00,3.491478303218205070e+00
-6.585741930013562229e-01,-5.829179238063495028e+00,3.564034758502423905e+00
-5.262912505795260820e-01,-5.540430381678613792e+00,3.494060888754821459e+00
-4.474711044932051518e-01,-5.242280179668441065e+00,3.418442609258031339e+00
-4.477631995294021339e-01,-4.921873655245605050e+00,3.082459073298351893e+00
-5.517534456786853392e-01,-4.645611258948067146e+00,2.889085327144930826e+00
-7.180609129090069764e-01,-4.449466343257261869e+00,2.988147696648833840e+00
-9.393584355826465337e-01,-4.299792398793282011e+00,3.074312606245935164e+00
-1.195512726792037794e+00,-4.222507327715012693e+00,2.866576476155326514e+00
-1.443322805842352619e+00,-4.238796309451139166e+00,2.645154094054730898e+00
-1.660683240881729361e+00,-4.329265287234838055e+00,2.548914042907525435e+00
-1.816258970491647862e+00,-4.459311553979649290e+00,2.504400169917130103e+00
-1.959483605758827185e+00,-4.665076893471974628e+00,2.519457756830844719e+00
-2.072856411976083280e+00,-4.885126128847638860e+00,2.555345633162570795e+00
-2.261818293421069104e+00,-5.152851536471077409e+00,2.577745645614754721e+00
-2.463803464889754657e+00,-5.309795377286523177e+00,2.520102868830139009e+00
-2.649088992424394107e+00,-5.397530389352586333e+00,2.448783830095325964e+00
-2.870331570983125857e+00,-5.444842908357353295e+00,2.544360390234749580e+00
-3.097128813503913225e+00,-5.445149306443229698e+00,2.533440070084918894e+00
-3.329113480892634147e+00,-5.422768482653934186e+00,2.674976526370958840e+00
-3.573851780004074996e+00,-5.387670351365990484e+00,2.848347283218645387e+00
-3.802316421609366337e+00,-5.344322070412040659e+00,2.974048736289278683e+00
-4.094469164506454817e+00,-5.265731196398403036e+00,2.974458238402072130e+00
-4.314288299405578897e+00,-5.179064309551265843e+00,2.933518997931646055e+00
-4.547494045492363135e+00,-5.046869240193663231e+00,2.894106502911955925e+00
-4.766783361430662502e+00,-4.853121338989226707e+00,2.862225369083152504e+00
-4.916608483773524441e+00,-4.640132591780862015e+00,2.952861397230465368e+00
-5.014951922723466460e+00,-4.391546950383620640e+00,3.030574746392793895e+00
-5.050941407170519426e+00,-4.089084431482156390e+00,3.136777534650803112e+00
-5.010429891318572970e+00,-3.820314496254640257e+00,2.951059127316379982e+00
-4.920774664881337301e+00,-3.580426909472937513e+00,2.799622193291072758e+00
-4.814334086304084437e+00,-3.347070189889505443e+00,2.959916233457176915e+00
-4.689488376849523910e+00,-3.105007343460430835e+00,3.097525917643264126e+00
-4.521646249372173187e+00,-2.837135359526000045e+00,3.240360531595171345e+00
-4.347134919743394832e+00,-2.597378663034568103e+00,3.364831480613247550e+00
-4.154592949272285729e+00,-2.357952505034401902e+00,3.479246236310348461e+00
-3.941756236483834108e+00,-2.122964020736070268e+00,3.584779751794670233e+00
-3.735233175863689414e+00,-1.920107294151984334e+00,3.671974064717883124e+00
-3.486605117603863491e+00,-1.697363491356178811e+00,3.764776126645534404e+00
-3.218774767851267260e+00,-1.485471134625324652e+00,3.844962932233348507e+00
-2.933198871868029745e+00,-1.285219616727683256e+00,3.924781288939118706e+00
-2.596501649005698020e+00,-1.077985489030635957e+00,4.003651823298813639e+00
-2.420487585226822169e+00,-9.817869346038030631e-01,4.041370159081681734e+00
-2.240077579302180766e+00,-8.898911134559192027e-01,4.078290465119118302e+00
-1.942728110573708644e+00,-7.522933709522915402e-01,4.132668464541287001e+00
-1.751181613014308081e+00,-6.739754070238384021e-01,4.165078382684944458e+00
-1.436550777740926543e+00,-5.608728374234988046e-01,4.214626997815416942e+00
-1.235585441455373301e+00,-4.966906506296023260e-01,4.244187894405033745e+00
-1.031653810580620112e+00,-4.369803893398713224e-01,4.273489018146034546e+00
-8.250599674615692880e-01,-3.812448837821182934e-01,4.300279071990525281e+00
-4.459725700725057362e-01,-2.970439543466480425e-01,4.344313816742419121e+00
-5.962881928081248395e-02,-2.292928201560797685e-01,4.386550726349358165e+00
1.579063695488044372e-01,-1.997839258514789718e-01,4.409798352783828257e+00
5.094171988490738823e-01,-1.613345940039570270e-01,4.442736766361781164e+00
7.311203183050503096e-01,-1.453288528017502024e-01,4.462583445034829843e+00
9.541307207081494157e-01,-1.345298247147193593e-01,4.482576819655787581e+00
1.358285542181606909e+00,-1.277095878746992430e-01,4.513138155621517988e+00
1.764999858001178312e+00,-1.403752303982963578e-01,4.543989935018807103e+00
1.991866173423027853e+00,-1.534988028330616927e-01,4.557379108366441223e+00
2.400328568565586185e+00,-1.948845662000877332e-01,4.581086606018678786e+00
2.627230504150617207e+00,-2.258859129632616591e-01,4.593881448623975849e+00
3.034769009337838330e+00,-2.969857079575161651e-01,4.614971052113870265e+00
3.440335985949670938e+00,-3.874077257588405265e-01,4.633724599511599429e+00
3.663988739124711014e+00,-4.471530367369654368e-01,4.642440077967966872e+00
4.063200272062332807e+00,-5.703677723998582527e-01,4.658856094138192461e+00
4.278769838387757041e+00,-6.467558343496796480e-01,4.536657097908255665e+00
4.489592333765701326e+00,-7.300490512178725577e-01,4.551728069233034191e+00
4.865765898880010099e+00,-8.931198156959609946e-01,4.577027910031842950e+00
5.071730880059644342e+00,-9.925364269249075111e-01,4.587003348765652078e+00
5.274783635772137380e+00,-1.098891076674171075e+00,4.599271031797091069e+00
5.634085034247781287e+00,-1.304743575557572255e+00,4.618597675245204925e+00
5.983846351662469587e+00,-1.529520418161058215e+00,4.637074412141276802e+00
6.323838447294367171e+00,-1.771698376645020501e+00,4.654302763832080636e+00
6.508171100231237460e+00,-1.913472950574325093e+00,4.662270026454854666e+00
6.830203830553866595e+00,-2.182380193382221556e+00,4.676300161121639043e+00
7.003403970025208203e+00,-2.339133709898518543e+00,4.683538141063287696e+00
7.172179176090787145e+00,-2.501118017881417632e+00,4.690408122029115390e+00
7.454896555206797615e+00,-2.804791858532177606e+00,4.574002867743512724e+00
7.714029591236736039e+00,-3.123876993643899258e+00,4.592884831565092973e+00
7.848650741799496622e+00,-3.309228856990217071e+00,4.601862349417677578e+00
8.071086813277183580e+00,-3.657577565194488844e+00,4.619644707444181542e+00
8.184353027721765983e+00,-3.858202863226893875e+00,4.629480560120957655e+00
8.349060594360299348e+00,-4.189177002895407398e+00,4.645607211514619195e+00
8.443144647413779680e+00,-4.401146108574039317e+00,4.656374416607981459e+00
8.531285432497577759e+00,-4.616397309388672099e+00,4.666056410593906634e+00
8.656276038699317610e+00,-4.963657875946462461e+00,4.549018982082528417e+00
8.722535985832102767e+00,-5.180989542118045854e+00,4.560900883610550238e+00
8.826815605363560024e+00,-5.578236241879773516e+00,4.585988890005892493e+00
8.877638145729392249e+00,-5.801830568180570857e+00,4.598695216943235131e+00
8.951520818556259584e+00,-6.209272253860413926e+00,4.617436050783935819e+00
8.998623900309183909e+00,-6.575671684958591001e+00,4.633042406530165636e+00
9.020581364213931863e+00,-6.806136760658562324e+00,4.508512500709772830e+00
9.039420265115396091e+00,-7.211595403893995559e+00,4.531787357905228575e+00
9.038774951277218861e+00,-7.437929678662943189e+00,4.544404712873881813e+00
9.013953775559473414e+00,-7.845782011971379255e+00,4.566167425971699778e+00
8.962632826554871812e+00,-8.253006885530941972e+00,4.585488045380837541e+00
8.921476669758039435e+00,-8.478025549819918183e+00,4.595386117130640713e+00
8.835797095197809981e+00,-8.834722895661846209e+00,4.610130109496869188e+00
8.771041484019242773e+00,-9.055388858535012631e+00,4.620776473191640754e+00
8.633172603628317177e+00,-9.447115416969626978e+00,4.638561253351630498e+00
8.544642226733843771e+00,-9.660930686882453600e+00,4.646461272881667881e+00
8.368882924414201341e+00,-1.003851341698931954e+01,4.530185996469538345e+00
8.264101631389019431e+00,-1.023603560619405428e+01,4.414956072974324464e+00
8.156349838211665926e+00,-1.042554895486867039e+01,4.305723112695308608e+00
7.982958807795094813e+00,-1.071683627381048431e+01,4.215472921132441542e+00
7.872974946005859564e+00,-1.089744520194486554e+01,4.244890508355624981e+00
7.763206166324555291e+00,-1.108008386577142801e+01,4.274861861456821011e+00
7.652848502618184945e+00,-1.126394413407796691e+01,4.302756705449767516e+00
7.476343769692508801e+00,-1.156128873370920829e+01,4.347649012504048116e+00
7.365519975649291951e+00,-1.174886526123533947e+01,4.374204311337351214e+00
7.189879461422822970e+00,-1.205288239954343510e+01,4.407927111042273083e+00
7.084695759442202423e+00,-1.224698569787508262e+01,4.429359236102143882e+00
6.982409038126359491e+00,-1.244378391540240791e+01,4.450188862260320732e+00
6.807372252140152291e+00,-1.280535518000288064e+01,4.487545152968992923e+00
6.713800629359143457e+00,-1.300951752784196813e+01,4.506134873704348287e+00
6.572822925863443189e+00,-1.334190988227762098e+01,4.529438899173395150e+00
6.491430943919717755e+00,-1.355332411341140642e+01,4.543429379472083696e+00
6.356299749843922875e+00,-1.393971692052655520e+01,4.564172234514088267e+00
6.244017578577438776e+00,-1.433500452955594540e+01,4.586677371868563391e+00
6.190657217513711785e+00,-1.455780140562326075e+01,4.598448506413840953e+00
6.143822409752997871e+00,-1.478265059033021522e+01,4.609986097232654068e+00
6.073233420302918795e+00,-1.519168837681879580e+01,4.633889339987827150e+00
6.025342121133773432e+00,-1.555952645364430076e+01,4.652970801893845376e+00
6.003652055667799026e+00,-1.579109676955610198e+01,4.663374220371652612e+00
5.979573641203156598e+00,-1.621042281915342897e+01,4.683343933007297899e+00
5.971926240262779295e+00,-1.663222512324405855e+01,4.702788992813936808e+00
5.974956104080470176e+00,-1.686731974000518619e+01,4.712060011850018881e+00
5.992909855833308264e+00,-1.729136472116489287e+01,4.729146646270747212e+00
6.027407698768568522e+00,-1.771586715533439005e+01,4.744636492522714022e+00
6.067131382288411423e+00,-1.809360768436725664e+01,4.758407262110885050e+00
6.094366149290667778e+00,-1.833010772619648421e+01,4.766269545145610742e+00
6.152027481327448477e+00,-1.875562415174555042e+01,4.778533622015699756e+00
6.218954156223898799e+00,-1.918091947172040790e+01,4.791068393826715344e+00
6.257018190900025978e+00,-1.941757069891675158e+01,4.798379618118873147e+00
6.321211990317184615e+00,-1.979643949421007676e+01,4.809392563274355048e+00
6.363451923057929172e+00,-2.003060233922712641e+01,4.685604549294935417e+00
6.405020062992318408e+00,-2.025734978680495857e+01,4.567809309787053351e+00
6.444768813010348651e+00,-2.047852371877113242e+01,4.453268115501348490e+00
6.481757982326508127e+00,-2.069443813388629394e+01,4.341671864546741588e+00
6.531931051562896329e+00,-2.102990115286795714e+01,4.245427390800215584e+00
6.558510636623698709e+00,-2.124084542695934630e+01,4.267556710345560056e+00
6.587788157081709173e+00,-2.161023864414760354e+01,4.046268742268098073e+00
6.585784286729479575e+00,-2.197087511687681172e+01,3.959988696897284388e+00
6.546908945303398397e+00,-2.232244907314381877e+01,3.878720045619524104e+00
6.466873530747427878e+00,-2.266141713972853822e+01,3.927533782349059255e+00
6.342040927533997952e+00,-2.298026503483619010e+01,3.706286066381801358e+00
6.232376878409386478e+00,-2.317148293941887616e+01,3.742772697849814367e+00
6.054524458801710196e+00,-2.339655898895220787e+01,3.521197496997299226e+00
5.898934107283885453e+00,-2.353507813274569216e+01,3.560722936267156857e+00
5.666474586397877822e+00,-2.367411939304252044e+01,3.342558079669859961e+00
5.360190629883135216e+00,-2.374687294161129003e+01,3.133990256735187163e+00
5.099227351466892877e+00,-2.370689713980893032e+01,2.893525173391640060e+00
4.890287671380026957e+00,-2.358256037468234823e+01,2.670072483576499955e+00
4.738188701138111192e+00,-2.338148839504977872e+01,2.513990909651762085e+00
4.649164358601400870e+00,-2.317396284032702880e+01,2.521048199343832508e+00
4.573420639366762686e+00,-2.295429427379192333e+01,2.685104046701955127e+00
4.503995767121031335e+00,-2.272772921511304034e+01,2.570295889014632795e+00
4.426221027134086050e+00,-2.251296634981356704e+01,2.442372703695472769e+00
4.304055477694491927e+00,-2.229324415860834563e+01,2.554732406623032581e+00
4.162579670348030447e+00,-2.214605848268155697e+01,2.505514314627793837e+00
3.980315618465891880e+00,-2.201274582713797301e+01,2.500290590404309565e+00
3.771224630424751645e+00,-2.187638361634216366e+01,2.542816835955066690e+00
3.577856239940340188e+00,-2.174180723208010590e+01,2.702984548858638369e+00
3.379471388339265747e+00,-2.159001654004787341e+01,2.848947635101109821e+00
3.160459799178228835e+00,-2.139695688301926069e+01,2.993355783169379780e+00
2.973999115667782522e+00,-2.119562104741509145e+01,3.114592142748842551e+00
2.787864758341808358e+00,-2.093915935023326824e+01,3.245637202985724112e+00
2.656609199209174044e+00,-2.071181900603031778e+01,3.350463165585697567e+00
2.529230458524423852e+00,-2.043506137708405035e+01,3.457913007981346265e+00
2.424468732166420892e+00,-2.013907627271504097e+01,3.554709910102116233e+00
2.340182735719235740e+00,-1.982773906681767428e+01,3.643764774096035719e+00
2.269303022897604993e+00,-1.950428227230446510e+01,3.737614580442583101e+00
2.206763713311202135e+00,-1.916993321663384719e+01,3.834969866853448206e+00
2.149390069489370170e+00,-1.882576597921484307e+01,3.927149571321469246e+00
2.103998709556718527e+00,-1.851216494297820248e+01,4.002770199049992428e+00
2.075791989839422591e+00,-1.831308577201944132e+01,4.048775054906502469e+00
2.048490378080940033e+00,-1.811160444743656228e+01,4.092642288395033745e+00
2.001966960656365924e+00,-1.774329754886001709e+01,4.164495359750707060e+00
1.955078431498479041e+00,-1.736880414467282208e+01,4.229790760565200536e+00
1.927330425910805500e+00,-1.715841469533670605e+01,4.265073238248316301e+00
1.876093977088214793e+00,-1.677567833261046815e+01,4.321794370608667890e+00
1.848862372112242802e+00,-1.656067315635664272e+01,4.353078171765232263e+00
1.805996995089365953e+00,-1.621629594269847630e+01,4.261633542104964256e+00
1.777942057880921300e+00,-1.600448212557885341e+01,4.291459690798592241e+00
1.729552937587737427e+00,-1.566597747996457812e+01,4.197192190737774276e+00
1.696074633851582858e+00,-1.545817308094576248e+01,4.228318357919595982e+00
1.624027426851270439e+00,-1.508277637886582667e+01,4.273980467315132259e+00
1.577896215440092620e+00,-1.487375241523629477e+01,4.300190392726245925e+00
1.527692222826938062e+00,-1.467002168018752961e+01,4.191994351286544962e+00
1.421003886619788714e+00,-1.430735395432181711e+01,4.226828930885913493e+00
1.351499646248200293e+00,-1.410772034155021082e+01,4.249779231741619867e+00
1.202832535100232692e+00,-1.375492247501906284e+01,4.286129854714409326e+00
1.106849096198511573e+00,-1.356380555285261380e+01,4.304376491416821437e+00
9.329111988367494446e-01,-1.326725534821162888e+01,4.335737176609320898e+00
7.092221793068050895e-01,-1.294829064559243115e+01,4.371607389197882831e+00
4.549256678432877510e-01,-1.264920235229457113e+01,4.266597492415082016e+00
1.853192015123316383e-01,-1.238364449244257770e+01,4.045376210143342810e+00
3.515610371013055957e-02,-1.224819080535840499e+01,3.942599806650961547e+00
-2.306809066109368755e-01,-1.201712856696592979e+01,3.738261718398253830e+00
-4.846063247570281951e-01,-1.179087242683835335e+01,3.810875185851877234e+00
-7.306222679572036416e-01,-1.154771217987885201e+01,3.879503414630820934e+00
-9.636966723875052265e-01,-1.128534761883286563e+01,3.945657129293979271e+00
-1.198843209551720523e+00,-1.096692970102633957e+01,4.015407093563793772e+00
-1.387446512799825005e+00,-1.065788909483846325e+01,4.073332270285400902e+00
-1.481259842574324415e+00,-1.047744367383208086e+01,4.101678702378384500e+00
-1.626516056059057691e+00,-1.013761728146419294e+01,4.155395506972832109e+00
-1.744533416220127142e+00,-9.782295974768492997e+00,4.206547950191922070e+00
-1.825073353693778433e+00,-9.455380957193250779e+00,4.247741721081661481e+00
-1.863184951924887534e+00,-9.246709131333760823e+00,4.273452236302788698e+00
