2.725824214234601195e-01,-4.448863470350382723e-03,7.985000173975906890e-01
3.162727009154482349e-01,-8.028911483277048275e-03,9.894748687221714967e-01
9.461611146981721010e-01,-5.973840132130836533e-02,2.209131142367576572e+00
1.058725959566023445e+00,-6.998076905358749378e-02,2.336311960824739131e+00
1.153245433586750357e+00,-7.885975310855357356e-02,2.434433402202966334e+00
1.276748605794442160e+00,-9.068506478009334681e-02,2.549714877616043651e+00
1.379564197903265121e+00,-1.009836468540224463e-01,2.638152072217896826e+00
1.512903488400300756e+00,-1.148493616782159943e-01,2.744148069958264990e+00
1.623176340855208011e+00,-1.274551805836842133e-01,2.824181805939527390e+00
1.765220351359684914e+00,-1.454622588769453606e-01,2.920669514896573560e+00
1.881933878208333466e+00,-1.627008641067919925e-01,2.995385045014150815e+00
2.031713589870208558e+00,-1.859041164788522438e-01,3.083588210206309022e+00
2.185698333353067291e+00,-2.102874783504754541e-01,3.169599414060066067e+00
2.311848654506516443e+00,-2.305639075015060713e-01,3.234493569862725515e+00
2.440341079716156436e+00,-2.523528434132594200e-01,3.294427773955015404e+00
2.603762975090601728e+00,-2.827721466539057094e-01,3.367725767770910927e+00
2.770022416201292526e+00,-3.173798084420027532e-01,3.439565832127781775e+00
2.905083326416279643e+00,-3.475569244137726721e-01,3.494511617454575170e+00
3.076501500883906726e+00,-3.874859425272795810e-01,3.560450017074038964e+00
3.215462086505340711e+00,-4.218201006004920761e-01,3.609707222908884461e+00
3.390896298774573658e+00,-4.688675833655162606e-01,3.669085237786066322e+00
3.532417653891294584e+00,-5.100824763027551612e-01,3.714944396506145718e+00
3.710950808517725186e+00,-5.649251779182976607e-01,3.770125311961186831e+00
3.891094437165412145e+00,-6.235638483844387903e-01,3.821685576798807826e+00
4.072471489142732715e+00,-6.864404636050789321e-01,3.870511772383056215e+00
4.217991146501170796e+00,-7.406724676582381317e-01,3.907881038377843286e+00
4.400728287111582482e+00,-8.120204620809152729e-01,3.952539931263046036e+00
4.547368110595356505e+00,-8.722228199475720034e-01,3.986361882890990582e+00
4.730604902102518494e+00,-9.523619418562079275e-01,4.026877033105910719e+00
4.840363499923797441e+00,-1.003177533642389152e+00,4.050443259481105507e+00
4.986835620610093223e+00,-1.073190856472020283e+00,4.081002996329512023e+00
5.060489987503546061e+00,-1.108446969414341954e+00,4.095898156986734762e+00
5.206305667672146420e+00,-1.183753117390211163e+00,4.124325001501983223e+00
5.351828043138405100e+00,-1.261984219148381214e+00,4.151199276291372087e+00
5.532904115776407394e+00,-1.364380504250010784e+00,4.184645417436721360e+00
5.713352565749837630e+00,-1.471153331640417949e+00,4.215955833259645402e+00
5.892700912630991716e+00,-1.582681390815128930e+00,4.244120604261810925e+00
5.964072417562694461e+00,-1.628600734260224669e+00,4.255625404066795348e+00
6.141491627953604926e+00,-1.746656713756403523e+00,4.281688845184044467e+00
6.282259438271189822e+00,-1.844473667737669409e+00,4.301429031806780934e+00
6.455727719604809067e+00,-1.972076773014330042e+00,4.324899854875938310e+00
6.591518942318290719e+00,-2.079359201688008252e+00,4.344820260525291467e+00
6.758700314830282885e+00,-2.218261573009690402e+00,4.367459502617252909e+00
6.890202625583629725e+00,-2.333217299875490536e+00,4.384896654877021405e+00
7.020600102974531076e+00,-2.450525455788500562e+00,4.403089518686671866e+00
7.085311466398285241e+00,-2.510144836442976590e+00,4.411761032359584611e+00
7.276419225735877738e+00,-2.693772683138435653e+00,4.437374666743090224e+00
7.397457599014740204e+00,-2.817964187925150021e+00,4.319482619653264521e+00
7.538069431333706660e+00,-2.974709293651731645e+00,4.208888065309277060e+00
7.646360170507017884e+00,-3.103484154801135819e+00,4.228975815418088757e+00
7.776489128345406066e+00,-3.270062817245985798e+00,4.253525686033379216e+00
7.876706556285416383e+00,-3.407322481908166445e+00,4.272154778285854881e+00
7.994751302286215555e+00,-3.584940446983277518e+00,4.291700870947730451e+00
8.448028326108655506e+00,-4.469368229565164441e+00,4.388129193170496656e+00
8.508325162102959638e+00,-4.629535010057838740e+00,4.272684851818024931e+00
8.564977719947567181e+00,-4.790532894014146947e+00,4.292963500431529411e+00
8.631509805605608321e+00,-4.994739611819430714e+00,4.321057930076726450e+00
8.681285704900265188e+00,-5.160354095621043413e+00,4.342579201065509764e+00
8.727147371753911642e+00,-5.328009464045203813e+00,4.363303705136011068e+00
8.779354770911512063e+00,-5.540124364361293630e+00,4.388386282349735268e+00
8.826102952278736424e+00,-5.754758185435973061e+00,4.411464990621299265e+00
8.859826351955815582e+00,-5.928055668135967515e+00,4.428493046038413539e+00
8.902568578727173332e+00,-6.190601813002110099e+00,4.452094465215076013e+00
8.926361845963889152e+00,-6.367111574728503420e+00,4.468166836707249345e+00
8.951582852455485906e+00,-6.589168339757442538e+00,4.485281156665773317e+00
8.964338698047118470e+00,-6.723065767133235227e+00,4.496165231619484892e+00
8.984289079913802212e+00,-6.992160296130168540e+00,4.513833404696343088e+00
8.993075747086985317e+00,-7.212306074650308041e+00,4.395052355678939371e+00
8.993518085095434600e+00,-7.432052962783273209e+00,4.413330637018620273e+00
8.988314831222226076e+00,-7.608361690075127193e+00,4.428119425760906225e+00
8.975150061042112881e+00,-7.829216390804762504e+00,4.444793968187368272e+00
8.953566424507654276e+00,-8.050157697196651085e+00,4.460772527344382787e+00
8.930347772747335711e+00,-8.226765313270886892e+00,4.473160016492871982e+00
8.894034384653069836e+00,-8.447119023542381200e+00,4.487449869292103877e+00
8.848686694245936124e+00,-8.666457910198415604e+00,4.501186701279441316e+00
8.805377126197189597e+00,-8.840785229744138718e+00,4.513236947729454940e+00
8.757204130135187725e+00,-9.014352526039621338e+00,4.523889907381743569e+00
8.689668690458390188e+00,-9.229853133166262324e+00,4.539803698850899849e+00
8.629322084929217596e+00,-9.400731821508026442e+00,4.550020959942183474e+00
8.546619086544245292e+00,-9.612271624886451704e+00,4.562525460752440587e+00
8.475134805907851288e+00,-9.779873255885368266e+00,4.573254265870407842e+00
8.380766730662918107e+00,-9.987895283951683467e+00,4.582961456697008273e+00
8.281028013140456778e+00,-1.019420232273269811e+01,4.596815671448246654e+00
8.175101329509001147e+00,-1.039822740949179192e+01,4.475964528167738266e+00
8.131527074662111332e+00,-1.047631935435434691e+01,4.484686027314279677e+00
8.109654356795848784e+00,-1.051540337167886463e+01,4.352086027314279626e+00
8.087963608750357025e+00,-1.055304833747086590e+01,4.357931900267442593e+00
7.979785779033954363e+00,-1.074238834249419305e+01,4.377180579777285807e+00
7.894271762411873894e+00,-1.089565849025376387e+01,4.398609174844992253e+00
7.808062975968338648e+00,-1.104957199651152600e+01,4.419873153436639335e+00
7.696931455923823329e+00,-1.124122349767166185e+01,4.444855546063201324e+00
7.584244752121420241e+00,-1.143335215898983392e+01,4.468822445064762228e+00
7.539429332269135919e+00,-1.151070973050522817e+01,4.475311615536726961e+00
7.472587582958910346e+00,-1.162729306265604201e+01,4.488193848866614211e+00
7.362315967073775447e+00,-1.182321870344076231e+01,4.509768984057803465e+00
7.274188075653933439e+00,-1.198081348009619340e+01,4.524800571297242335e+00
7.252169185039607946e+00,-1.202033271178121332e+01,4.528839536217858175e+00
7.164830681593335804e+00,-1.217917599931190864e+01,4.541639639077614810e+00
7.078997756664628938e+00,-1.233939620329340059e+01,4.553543983808769013e+00
6.973357550599375898e+00,-1.254131328828266412e+01,4.567918646918463388e+00
6.952565454900875963e+00,-1.258197034930490865e+01,4.435318646918463337e+00
6.874315114368170221e+00,-1.274138956535940714e+01,4.452493973922377890e+00
6.798333120151604625e+00,-1.290261932933716515e+01,4.469066041642472342e+00
6.705656317669033584e+00,-1.310621911314281540e+01,4.489208995323447304e+00
6.616712309234345391e+00,-1.331247318952621939e+01,4.504611407545044521e+00
6.549405754444161509e+00,-1.347964690035234092e+01,4.518609761651558365e+00
6.516871681178672659e+00,-1.356386795574546333e+01,4.523244451488517726e+00
6.453708448035527567e+00,-1.373339522906052501e+01,4.535337496321155903e+00
6.393351500867424875e+00,-1.390438124730584057e+01,4.545262502587990028e+00
6.336010805946201252e+00,-1.407679588081159139e+01,4.553943563692702590e+00
6.270840691764953512e+00,-1.429485309800033832e+01,4.565129225143094160e+00
6.212901505050409057e+00,-1.451547369889605932e+01,4.577306744187374044e+00
6.161943002210061415e+00,-1.473838263221990807e+01,4.590135192182491330e+00
6.115311041588098462e+00,-1.496293697419427460e+01,4.603391864666445343e+00
6.081753905236593205e+00,-1.514386116343991162e+01,4.613108070904107905e+00
6.052101291169073249e+00,-1.532587845593008069e+01,4.624812575622382127e+00
6.020443522167662209e+00,-1.555476273211160354e+01,4.633136406870367097e+00
5.999442671621058487e+00,-1.573880267187645643e+01,4.641732186971966989e+00
5.978483269554516255e+00,-1.596987230171244221e+01,4.651711382796255734e+00
5.966365499993472099e+00,-1.615543482131755582e+01,4.660674030086720876e+00
5.956632535981158938e+00,-1.638816191065183858e+01,4.671049715183638540e+00
5.954275157255942474e+00,-1.648145742451615803e+01,4.674918636318296628e+00
5.951275449392166905e+00,-1.666835732316588192e+01,4.683458995035961969e+00
5.996809820366568289e+00,-1.765309482896307713e+01,4.719448873547664292e+00
6.017109176865954367e+00,-1.783794400546709369e+01,4.594805298118046721e+00
6.045946666269834679e+00,-1.806584833873391460e+01,4.607813113630202295e+00
6.084655336914064350e+00,-1.833444337614909614e+01,4.493762554084791638e+00
6.112860669590544305e+00,-1.851216755867084984e+01,4.512520453899504957e+00
6.150030736312661617e+00,-1.873506679433476307e+01,4.532993972792930037e+00
6.188287061504953890e+00,-1.895894886553237768e+01,4.552872489290067826e+00
6.219896819322725534e+00,-1.913858493385923509e+01,4.569294214875625038e+00
6.253538851492931983e+00,-1.931845187795289220e+01,4.583530512589767625e+00
6.298889245042975205e+00,-1.954344739330595715e+01,4.601573862962203165e+00
6.308184922775061487e+00,-1.958851237342802776e+01,4.468973862962203114e+00
6.344583533323982394e+00,-1.976377015160434780e+01,4.486746224377287540e+00
6.371460990581030437e+00,-1.989570816481516857e+01,4.495747838285996778e+00
6.397979849941259012e+00,-2.002808644301216390e+01,4.505401848836644518e+00
6.432307155488254047e+00,-2.020514957796545019e+01,4.517331297608446761e+00
6.471696577664549643e+00,-2.042790954361646882e+01,4.533733591208955360e+00
6.501477874962811931e+00,-2.060692902556474237e+01,4.545461525790933877e+00
6.535890327104730169e+00,-2.083173368037459028e+01,4.558581459037853278e+00
6.547946852273492269e+00,-2.092070779638838474e+01,4.430111742812163911e+00
6.569179065444861187e+00,-2.109670901206453308e+01,4.444724456299958604e+00
6.586620512440835462e+00,-2.126954604446349251e+01,4.326798982283791339e+00
6.602377661643472173e+00,-2.148524820489832621e+01,4.346136802714520186e+00
6.608369747352057288e+00,-2.165475591298011793e+01,4.229116057508996995e+00
6.607651579299454347e+00,-2.181957650213038136e+01,4.114553205917000689e+00
6.600090320184044401e+00,-2.198088188210939364e+01,4.001378076282660068e+00
6.580860968059735860e+00,-2.217957900784312031e+01,4.029414898650749421e+00
6.549335871489476268e+00,-2.237374499466006839e+01,3.923914655363212933e+00
6.504999039927850113e+00,-2.256392494490375000e+01,3.950131010064946935e+00
6.460011983346502618e+00,-2.271005404588893128e+01,3.836226879570315162e+00
6.391934229300903603e+00,-2.288805633776659221e+01,3.863056516912087623e+00
6.325387435767817479e+00,-2.302149427243347546e+01,3.751826789361289993e+00
6.229274100899594657e+00,-2.318054759490561878e+01,3.780481213374180527e+00
6.119288835560280582e+00,-2.332485167080742983e+01,3.676063199313214458e+00
6.021544057892605828e+00,-2.343204257997573947e+01,3.697477582447639133e+00
5.915569587836383647e+00,-2.352597831610882295e+01,3.586345647021790484e+00
5.744329326625280174e+00,-2.363835582760404463e+01,3.492606888171127633e+00
5.623577110568653836e+00,-2.369324314372786233e+01,3.384152919211899757e+00
5.469131171470305475e+00,-2.373933365260867845e+01,3.281390556336854392e+00
5.346124948384627373e+00,-2.375155748361697405e+01,3.166326689181589327e+00
5.198743845849524092e+00,-2.373700345309576321e+01,3.048668893740566155e+00
5.063408865062830166e+00,-2.369401404798069777e+01,2.790314231147562385e+00
4.946316157625526344e+00,-2.362628309994803644e+01,2.679984822142571943e+00
4.867360934159401076e+00,-2.355774604938471839e+01,2.574267512893174903e+00
4.790532162359578905e+00,-2.345856447730772487e+01,2.496177519947573753e+00
4.741645034574220041e+00,-2.337242142046979509e+01,2.411169837234979685e+00
4.704729880724578095e+00,-2.328336861239112565e+01,2.468659916230624418e+00
4.661587222142225428e+00,-2.316672890684443331e+01,2.418644298617262933e+00
4.633651237679077717e+00,-2.307327669638031864e+01,2.490554830552953014e+00
4.598447371089500635e+00,-2.295195851748408700e+01,2.590845470566355946e+00
4.569826258545308661e+00,-2.285101665518886804e+01,2.659982950596289530e+00
4.541423154339716106e+00,-2.274716475564413543e+01,2.590721928391080287e+00
4.512151152293082390e+00,-2.264639749969158800e+01,2.669927751446206088e+00
4.478014218924601053e+00,-2.254403246663497029e+01,2.733766189465133500e+00
4.427780430849564297e+00,-2.242106227938282004e+01,2.658484634628413001e+00
4.365175023586346015e+00,-2.230773529194193827e+01,2.568635545042099455e+00
4.285562509290331334e+00,-2.220315625507716817e+01,2.610963912073927862e+00
4.211578667028856415e+00,-2.212631605256595435e+01,2.514061469231562373e+00
4.131009149404865965e+00,-2.206201783159641394e+01,2.573230299271182631e+00
4.025601350014618163e+00,-2.199384379434217607e+01,2.496637692608073333e+00
3.938336085348615345e+00,-2.194272764277430809e+01,2.579783586746320356e+00
3.829861731131897429e+00,-2.188123199818746656e+01,2.541563288171090118e+00
3.747254092825680338e+00,-2.182779835094888909e+01,2.478813621918519505e+00
3.638886899251398521e+00,-2.176520240111541327e+01,2.564995546690580053e+00
3.530791833514099753e+00,-2.169263035601766276e+01,2.644063515171261702e+00
3.443068302093477584e+00,-2.163104481224996078e+01,2.719379654935861534e+00
3.377053885881527773e+00,-2.158218068353981067e+01,2.763266427172625050e+00
3.311248956740342919e+00,-2.153058112845201677e+01,2.810259441423763604e+00
3.202950732660449606e+00,-2.143811745104808253e+01,2.884018741576664269e+00
3.097317087280609282e+00,-2.133743804310568493e+01,2.958335482710288122e+00
3.035920550514152882e+00,-2.127261284550834830e+01,3.002510280811082843e+00
2.918823221475400853e+00,-2.113302677648993821e+01,3.085552907974145942e+00
2.827581627482172788e+00,-2.100717342080347905e+01,3.154683165197107453e+00
2.758681011080627243e+00,-2.090088671885360938e+01,3.210026365209315280e+00
2.678936741307656355e+00,-2.076068265671473512e+01,3.274423451399385065e+00
2.619315331846234329e+00,-2.064374705531303889e+01,3.324877549651652942e+00
2.551404953012821331e+00,-2.049135415583166875e+01,3.384005684569419525e+00
2.489355356991537871e+00,-2.033329710804398616e+01,3.443980569682594695e+00
2.433244972056965771e+00,-2.016988259449725973e+01,3.500058602485160986e+00
2.392146330003677601e+00,-2.003571041248980222e+01,3.545281113646809423e+00
2.355277903476055812e+00,-1.989844944740652721e+01,3.586907172190819448e+00
2.311437277801555723e+00,-1.972364564125788888e+01,3.643086830357946226e+00
2.279435727533263734e+00,-1.958093561824837181e+01,3.685720302936641879e+00
2.249763490284049094e+00,-1.943594809964260861e+01,3.729105176086748408e+00
2.215519011666824856e+00,-1.925161625853677805e+01,3.783125833628418366e+00
2.189072286979870885e+00,-1.910199443724778590e+01,3.826950908501386195e+00
2.156971018904197734e+00,-1.891238290727708105e+01,3.877788835088900044e+00
2.131672972671438515e+00,-1.875871400452624727e+01,3.918144713243389532e+00
2.001932861262768260e+00,-1.784309288790454318e+01,4.125276266942771386e+00
1.996695505157815242e+00,-1.780217546468722034e+01,4.129663041337489737e+00
1.755838905350415091e+00,-1.552975508225292778e+01,4.473616381340846715e+00
1.752351873791695658e+00,-1.548515770605399133e+01,4.341016381340846664e+00
1.749229185442985113e+00,-1.544186375970089742e+01,4.208416381340846613e+00
1.735904123985483327e+00,-1.527797409719030419e+01,4.082933018609431031e+00
1.715055383261175459e+00,-1.511565013647702749e+01,4.097563142604420783e+00
1.676768437365655506e+00,-1.491364381525067273e+01,4.118270086643742722e+00
1.667842020629182187e+00,-1.487342572988628930e+01,4.124645123342768116e+00
1.628707766413126645e+00,-1.471313900883789394e+01,4.005327845351944305e+00
1.582514277762109067e+00,-1.456010484803658400e+01,4.030128675971957009e+00
1.517109984301904246e+00,-1.437629090256003828e+01,3.788621968739582346e+00
1.459358746054048916e+00,-1.423717523659958140e+01,3.685387065849563992e+00
1.397727065398857382e+00,-1.410407807700562444e+01,3.731055126373817199e+00
1.316345820291602520e+00,-1.393646367166783762e+01,3.776748385333900782e+00
1.264755972155840569e+00,-1.383542232390482063e+01,3.810615528916664552e+00
1.210718071512244975e+00,-1.373447614662604366e+01,3.835633557686125350e+00
1.116394341326759854e+00,-1.356969018299144913e+01,3.745374627775024390e+00
1.037680495912516987e+00,-1.344330576152152190e+01,3.644976741433731071e+00
9.348504380399615954e-01,-1.329196647215063010e+01,3.689839946335557119e+00
8.242560718251700225e-01,-1.314338203683433548e+01,3.736322167854682963e+00
7.306555944840416039e-01,-1.302639360506910116e+01,3.773752966789105212e+00
6.066940159826336165e-01,-1.288328307163767050e+01,3.821026514517096739e+00
5.032962051043612384e-01,-1.277048350231383012e+01,3.853668092901624043e+00
3.689638465373243914e-01,-1.263177995024571132e+01,3.893527071774159243e+00
2.322309708291807051e-01,-1.249841364896989226e+01,3.802181167479185220e+00
1.208419955029783055e-01,-1.239460075975805964e+01,3.834844777441546615e+00
-1.896026832807648499e-02,-1.226841078672297236e+01,3.748455312175956955e+00
-1.283183870833064510e-01,-1.217131558936586977e+01,3.651607100142426177e+00
-2.371504158929095551e-01,-1.207326717865446319e+01,3.685273779020418417e+00
-3.458384122557572882e-01,-1.197270399493150883e+01,3.719546182044218607e+00
-5.083826181649109266e-01,-1.181750297116299109e+01,3.773585160394194116e+00
-6.415106044979028699e-01,-1.168276781068509074e+01,3.812710068411408582e+00
-7.713383682245520401e-01,-1.154235347636642040e+01,3.851805100408428828e+00
-8.724494057120659729e-01,-1.142583552175693917e+01,3.882453340341248893e+00
-9.709576109832254165e-01,-1.130571199499893886e+01,3.910857440430246079e+00
-1.089507437727888828e+00,-1.115000247249665932e+01,3.945939106562160514e+00
-1.178886947820201314e+00,-1.102009446733945985e+01,3.971560075876061635e+00
-1.263102681746102185e+00,-1.088561322631348105e+01,3.998871106797420527e+00
-1.360860357216875371e+00,-1.071139341212756690e+01,4.033521153441671281e+00
-1.434158521289984334e+00,-1.056802080990267001e+01,4.060185244734053178e+00
-1.519679870945376710e+00,-1.038411317925504207e+01,4.092960840375490683e+00
-1.596763243773514640e+00,-1.019472018240294808e+01,4.124497226540327688e+00
-1.652898931241465696e+00,-1.003980551015272127e+01,4.148978866733284754e+00
-1.715262162435433835e+00,-9.842086490555779221e+00,4.178095903505393949e+00
-1.758183721525374832e+00,-9.680792703974271163e+00,4.201258227011388513e+00
-1.795016267595348936e+00,-9.517092463899357924e+00,4.224029207772045602e+00
-1.826684341535624423e+00,-9.351375757308167280e+00,4.246571451435817934e+00
-1.865157623084635397e+00,-9.099523255902006724e+00,4.277584216835770725e+00
-1.885210229992873909e+00,-8.929788319692530507e+00,4.294907737876632936e+00
-1.898852314833404664e+00,-8.758798220934364664e+00,4.308986099358216748e+00
-1.905396153202107312e+00,-8.546470413897608864e+00,4.195289011231367660e+00
-1.901532233829632990e+00,-8.379173771085266509e+00,4.211943778168745212e+00
-1.887430705869079572e+00,-8.169638628215313503e+00,4.232050144335965491e+00
-1.867999615611712683e+00,-8.004910020957186845e+00,4.112656858687701700e+00
-1.861929227795965813e+00,-7.964487329329418941e+00,4.117811723360164322e+00
-1.832689849493776890e+00,-7.803228534606722278e+00,4.133931406580575896e+00
-1.795057723749185818e+00,-7.644527804553837846e+00,4.016378702115323662e+00
-1.734309666211641066e+00,-7.455938465874321075e+00,3.906434361458587468e+00
-1.674746529540952045e+00,-7.312946161502510201e+00,3.934976810162435612e+00
-1.607183858435303758e+00,-7.172342215483758388e+00,3.955730879606293549e+00
-1.511280617494170642e+00,-7.000995736705660555e+00,3.849090849100100797e+00
-1.426352626735843954e+00,-6.874091228407748666e+00,3.882569018777259906e+00
-1.313566212024590563e+00,-6.724399061876425776e+00,3.791354463632000016e+00
-1.220445557162541661e+00,-6.610851422640785735e+00,3.695906283755739707e+00
-1.126913695536157833e+00,-6.501989699151635271e+00,3.597238452316627200e+00
-1.011865470379283982e+00,-6.367760607631066883e+00,3.507677324432349586e+00
-9.249074048169423357e-01,-6.261416807221388048e+00,3.404705187618051188e+00
-8.263422693902421345e-01,-6.124774722486806766e+00,3.310906114433513903e+00
-7.548124642349199886e-01,-6.011213172843197228e+00,3.355347999928966374e+00
-6.729148754082168171e-01,-5.863140075400753659e+00,3.407613836615920988e+00
-6.141843115936126418e-01,-5.740147228185403350e+00,3.435512315067714706e+00
-5.526627237872996368e-01,-5.580140658098208917e+00,3.472758069165992723e+00
-5.063872550450765342e-01,-5.413769637992774442e+00,3.505672750731240406e+00
-4.789015546869032636e-01,-5.242234186603721646e+00,3.533893755310450135e+00
-4.752145330769750875e-01,-5.106703788222234586e+00,3.423814908683207925e+00
-4.851093210260125077e-01,-4.972123694786191095e+00,3.450883817523134667e+00
-5.122566227160022523e-01,-4.843570257351322184e+00,3.339590686479389170e+00
-5.832913420388345926e-01,-4.666851416889666204e+00,3.241935073443333870e+00
-6.510810447927785072e-01,-4.565371479429687795e+00,3.130635403917138682e+00
-7.523321427557386754e-01,-4.451276105154977181e+00,3.175143941844972950e+00
-8.466786977497118283e-01,-4.370588033198826494e+00,3.213967897924089989e+00
-9.522833470064723249e-01,-4.302260064849589227e+00,3.247013199105797110e+00
-1.067079223937245080e+00,-4.247811944902122328e+00,3.268597270655148712e+00
-1.217661176085824470e+00,-4.208096519099382427e+00,3.160593460765384499e+00
-1.308256130498613112e+00,-4.199430720844333109e+00,3.038205097339670147e+00
-1.396772822102031464e+00,-4.201936766484816843e+00,2.914108133117232491e+00
-1.583892532118573948e+00,-4.251349846129177656e+00,2.801095328666801443e+00
-1.676000312165286221e+00,-4.301005159698584990e+00,2.685859600139158587e+00
-1.775804113534978468e+00,-4.379681331438212588e+00,2.589771067979636854e+00
-1.841567678952974241e+00,-4.454150592040283740e+00,2.497252433798752946e+00
-1.911388210041086166e+00,-4.557018853186253438e+00,2.570061239773018258e+00
-1.959924481313030542e+00,-4.644409360633735773e+00,2.504240243682062328e+00
-2.006468561686606478e+00,-4.733296031111757785e+00,2.569642473382124592e+00
-2.067558940221308372e+00,-4.844787709311426660e+00,2.517302759860470029e+00
-2.121068040692105416e+00,-4.931470490489276770e+00,2.571247231098070518e+00
-2.195946461180998455e+00,-5.034148615359157475e+00,2.503786883464465429e+00
-2.264180657747276282e+00,-5.110480614606411010e+00,2.545167705202066255e+00
-2.320270277851296026e+00,-5.164688007707865403e+00,2.437521338780088698e+00
-2.380268790681124180e+00,-5.209941939197391569e+00,2.457412980068944375e+00
-2.443223656496613216e+00,-5.251759056675883386e+00,2.493915048038985116e+00
-2.578821082497507522e+00,-5.324866652402098666e+00,2.592271199686868588e+00
-2.651271952978422775e+00,-5.356229332316974734e+00,2.640053919756868428e+00
-2.777366448981541502e+00,-5.401241491299712649e+00,2.705671671854844806e+00
-2.883618411003268545e+00,-5.426698459454025958e+00,2.750905526348007779e+00
-3.049946591309954158e+00,-5.443636502175680292e+00,2.675132872772707060e+00
-3.158098728347735307e+00,-5.440478185873230288e+00,2.590620193719377795e+00
-3.286856659181558449e+00,-5.428313185649508377e+00,2.534398206221853300e+00
-3.388063321233857561e+00,-5.415458033369500157e+00,2.601267654309207256e+00
-3.491965424408978169e+00,-5.400999541373233903e+00,2.684809308990728116e+00
-3.626128774080071615e+00,-5.379148084723559542e+00,2.781610211649534481e+00
-3.736472749241527946e+00,-5.358125053939590821e+00,2.859027829115520003e+00
-3.877534881417153745e+00,-5.327187513881838754e+00,2.925946144728313492e+00
-3.991751865954260126e+00,-5.297473144788696686e+00,2.993286447465107525e+00
-4.130253390248240564e+00,-5.253243990096494898e+00,2.778212268834707288e+00
-4.234705567282690097e+00,-5.212144877227084194e+00,2.844369681578963416e+00
-4.339216880187679592e+00,-5.165621977952782551e+00,2.893097040238668427e+00
-4.465631260506734534e+00,-5.098067398904434278e+00,2.819974994380190836e+00
-4.581001649175266088e+00,-5.019106190355995700e+00,2.745592108467259429e+00
-4.665808220519314098e+00,-4.947896306485994877e+00,2.791427965487234708e+00
-4.764787901348479515e+00,-4.847664959337462776e+00,2.845136531374027999e+00
-4.837002000976091232e+00,-4.758983430181994656e+00,2.877982028395011938e+00
-4.899948288960033871e+00,-4.661631317898723204e+00,2.915233292969751755e+00
-4.964790438827720642e+00,-4.530108424489939445e+00,2.957702596157412600e+00
-5.011495010440799369e+00,-4.389114540800421516e+00,3.006893502788785977e+00
-5.036306774080302695e+00,-4.271485212845345103e+00,3.047365144944877091e+00
-5.048137434713064309e+00,-4.150482679613436865e+00,3.088484547222452914e+00
-5.047166779377898038e+00,-4.027512425444773392e+00,3.125662831297921773e+00
-5.024637867534413438e+00,-3.879321753480513557e+00,3.040134738746942844e+00
-4.985113889096139062e+00,-3.739576102830949544e+00,2.818009487413773773e+00
-4.943992447824151704e+00,-3.635572208676716155e+00,2.735604397098724494e+00
-4.885550840340509460e+00,-3.513660978264049106e+00,2.680175763617912654e+00
-4.825214773126781154e+00,-3.392716971545814530e+00,2.776477663016692077e+00
-4.761287471590555320e+00,-3.267320616492786822e+00,2.872018375620154274e+00
-4.706050319244531543e+00,-3.165357801634446577e+00,2.942318425454880870e+00
-4.630582148310071311e+00,-3.037073669735134818e+00,3.020463076504709132e+00
-4.566234836121946472e+00,-2.933734541991336098e+00,3.078519872089036991e+00
-4.480080497215122470e+00,-2.804332028939432675e+00,3.151257769259672603e+00
-4.406511580251600613e+00,-2.700872062217347214e+00,3.209619149863334631e+00
-4.309540013700969396e+00,-2.571223502021436236e+00,3.279387881669857840e+00
-4.227284256351964586e+00,-2.468006899099000506e+00,3.334875383630580448e+00
-4.140429559108613766e+00,-2.365767410328700748e+00,3.389261874485133941e+00
-4.049214333133390298e+00,-2.264551920822987174e+00,3.440479337628606693e+00
-3.929505827904097970e+00,-2.139505138056746691e+00,3.516685146373261350e+00
-3.804536298799966687e+00,-2.015307673000430011e+00,3.565686380806562639e+00
-3.674134900901930401e+00,-1.892381045134484463e+00,3.622997673204137126e+00
-3.566042443211851598e+00,-1.795117048242456104e+00,3.666164667247957976e+00
-3.482253325008398459e+00,-1.723577049098312886e+00,3.697976288742740536e+00
-3.337107917380077726e+00,-1.607797819209974888e+00,3.749669873053270930e+00
-3.186213381960173674e+00,-1.495303891621917458e+00,3.800385614088665598e+00
-3.029858248032828438e+00,-1.386157845713368086e+00,3.848716587095508235e+00
-2.868589489196433640e+00,-1.280003090624642903e+00,3.894798979507712477e+00
-2.736127929200781406e+00,-1.197429518843987850e+00,3.929042403785790505e+00
-2.565621421886959741e+00,-1.098761832334036903e+00,3.970534428400770643e+00
-2.390077810080874166e+00,-1.004942149824301634e+00,4.011664986555876666e+00
-2.246545712940682726e+00,-9.326854754832691885e-01,4.043726544002014478e+00
-2.062735397073598875e+00,-8.474216633103911489e-01,4.082051486354520975e+00
-1.912805149124619630e+00,-7.822825899558655260e-01,4.111487944757700852e+00
-1.722670618956528177e+00,-7.030166457091026055e-01,4.144774175517455639e+00
-1.528501864179351521e+00,-6.294916259653015045e-01,4.176805165393077779e+00
-1.370624623053793512e+00,-5.742781890482235863e-01,4.202107206195957900e+00
-1.330840232406152790e+00,-5.609038363748595213e-01,4.208218892656283572e+00
-1.170544142129114729e+00,-5.089658796473256475e-01,4.232027607944425895e+00
-1.008389282271247023e+00,-4.598647258814823058e-01,4.254112386560652936e+00
-8.031499415284368837e-01,-4.028249268247541259e-01,4.280842772874250635e+00
-6.368800391386417736e-01,-3.614561651132778830e-01,4.301134043406643848e+00
-5.530507609437982364e-01,-3.424074578442364292e-01,4.311766348220293033e+00
-3.416213585187687363e-01,-2.990308260557565934e-01,4.337890473272660863e+00
-1.281680898175855121e-01,-2.594047989194149251e-01,4.362250676038924802e+00
8.731398271566079283e-02,-2.242832130768382115e-01,4.385421025053045874e+00
2.611295854420793150e-01,-2.000478408636596206e-01,4.403239915157833195e+00
4.800014744229120778e-01,-1.745208230328373356e-01,4.422343757572694045e+00
7.003691702448074929e-01,-1.543996661040317464e-01,4.442075676096263415e+00
7.446120326063797590e-01,-1.509647042371609349e-01,4.445940383824882325e+00
1.011177499708562522e+00,-1.350126666208505688e-01,4.467724719415525847e+00
1.189804324378941125e+00,-1.293868479431669882e-01,4.482657139637910682e+00
1.369098246801230045e+00,-1.266480535344998160e-01,4.496360672920583390e+00
1.593987455895709227e+00,-1.276579618544008421e-01,4.510830484567170728e+00
1.774339686608354727e+00,-1.325114144673636418e-01,4.522172994435474713e+00
2.000130610259063246e+00,-1.445842739204785399e-01,4.535552427922940666e+00
2.180774954866745663e+00,-1.601199150335442800e-01,4.547924274750274165e+00
2.361411955597842116e+00,-1.802740145027694474e-01,4.559530865402745547e+00
2.587290070813728082e+00,-2.101223697732717555e-01,4.574565829299832131e+00
2.813160973221544126e+00,-2.455826989936778504e-01,4.588616392950374490e+00
3.038915469528748137e+00,-2.861015917394832409e-01,4.599928918229173824e+00
3.173888860348351937e+00,-3.142457384012799504e-01,4.606248271821766771e+00
3.398222567889630508e+00,-3.659310781608492436e-01,4.616445944389849565e+00
3.621640683757572088e+00,-4.234746465880436794e-01,4.625074014931918498e+00
3.754961979241209225e+00,-4.614110773466730264e-01,4.629957913626697952e+00
3.975756761942039752e+00,-5.303488245036497295e-01,4.638858150651636869e+00
4.194273018622693527e+00,-6.073697939373448040e-01,4.649378634713978720e+00
4.367919711311817998e+00,-6.732239565952020666e-01,4.657378638093168988e+00
4.583928680139710110e+00,-7.596683236810927164e-01,4.666453609763606458e+00
4.626884716547649212e+00,-7.777144856837815423e-01,4.668182905260010784e+00
4.755267348100439939e+00,-8.332374182876213231e-01,4.671532785695180046e+00
4.966826609553063321e+00,-9.316761111916760374e-01,4.678331343486923366e+00
5.133595731211495483e+00,-1.016004251481193554e+00,4.684128097641900190e+00
5.174890655269997808e+00,-1.037914439303304626e+00,4.685558495651091171e+00
5.379182688957350855e+00,-1.151825955009047497e+00,4.693377511637796040e+00
5.540559583430143320e+00,-1.247072465941862607e+00,4.698703692434112789e+00
5.739787954692594063e+00,-1.371024418069193729e+00,4.707530158402369658e+00
5.897464066713530073e+00,-1.473618811845204490e+00,4.714278098899947977e+00
6.091617934820551028e+00,-1.606891581664640523e+00,4.720429138080580955e+00
6.276380003176143418e+00,-1.744618974301703540e+00,4.599072130119616908e+00
6.421396814507076556e+00,-1.857594876599831357e+00,4.609829738929167142e+00
6.564554983710126912e+00,-1.973686357041407380e+00,4.620918502252083115e+00
6.740171437693954992e+00,-2.123689162015203635e+00,4.632516895013985447e+00
6.878006201564886624e+00,-2.247380204027389361e+00,4.641575228208878023e+00
6.946008194443016315e+00,-2.310411817596237594e+00,4.644383682423215198e+00
7.146320724004537439e+00,-2.504081782712706872e+00,4.657145246621292145e+00
7.275494832932395184e+00,-2.636245126811771033e+00,4.531691033654847267e+00
7.426705121480861926e+00,-2.801190632942551328e+00,4.412998063012627981e+00
7.541726465596555684e+00,-2.934842129855781412e+00,4.425115450792535654e+00
7.569943484270599932e+00,-2.968799896613468103e+00,4.428189340164000676e+00
7.680373296677947437e+00,-3.106950343092925504e+00,4.439152699776737876e+00
7.786366367075201467e+00,-3.249054938414523974e+00,4.450614758431756357e+00
7.913159426696822152e+00,-3.431512763420101919e+00,4.465518606280066471e+00
8.032860914455334012e+00,-3.619509981809863497e+00,4.480780305466058877e+00
8.145379178515721463e+00,-3.812743616057312490e+00,4.496157259157983255e+00
8.230252410805221075e+00,-3.970853273367245251e+00,4.507909370192605181e+00
8.250750641560991028e+00,-4.010845662919231280e+00,4.511633260024654923e+00
8.310535414910226848e+00,-4.131916384742507553e+00,4.520447081374520337e+00
8.405019233967037096e+00,-4.336891158884648156e+00,4.535392691988016978e+00
8.476683356029262484e+00,-4.503356179807699533e+00,4.548033852272915567e+00
8.561450063218565276e+00,-4.714267016651836784e+00,4.561646967165033040e+00
8.635905108125255580e+00,-4.923998664886348742e+00,4.443944896761577112e+00
8.649643907679505972e+00,-4.966160528444560462e+00,4.447594155162232887e+00
8.701609961417444694e+00,-5.136132356456467818e+00,4.462997848131723622e+00
8.749614438842595376e+00,-5.307897770155333816e+00,4.474184284214635987e+00
8.805449130173183647e+00,-5.524513075900274295e+00,4.491749619736501664e+00
8.855671944787587790e+00,-5.743469755239330787e+00,4.509891009972618825e+00
8.891406661317356352e+00,-5.920271877299136065e+00,4.523094028533063415e+00
8.899700408433060872e+00,-5.964678601402449765e+00,4.526496263609929294e+00
8.930669485414130193e+00,-6.143051587523470580e+00,4.538038982055609516e+00
8.951198040686611179e+00,-6.277562185019848862e+00,4.547477327484779508e+00
8.979581899720544769e+00,-6.503055053311555866e+00,4.560275507007355067e+00
9.002109491687686926e+00,-6.729858719261263111e+00,4.570730915318439891e+00
9.019028197326148799e+00,-6.957704009163650838e+00,4.448392772225380654e+00
9.026340179931185759e+00,-7.135379403917506913e+00,4.460671952478855395e+00
9.028514461372839861e+00,-7.313629080533338822e+00,4.474164122219950634e+00
9.023537051119951968e+00,-7.537024083607487768e+00,4.488969486163921552e+00
9.013405859323974312e+00,-7.715993913039429053e+00,4.501460748873326700e+00
8.998155060167983166e+00,-7.895067449276269578e+00,4.513025528216033422e+00
8.971553161010970001e+00,-8.118756459969528549e+00,4.526397136960587986e+00
8.943988824724847575e+00,-8.297313605941770476e+00,4.536459564576733605e+00
8.910766538471827758e+00,-8.475298949198206699e+00,4.546644212141131902e+00
8.860661805288467363e+00,-8.696500457461631584e+00,4.558360614762325902e+00
8.801237955799628310e+00,-8.915989599094755746e+00,4.571482557411474801e+00
8.761591686799382828e+00,-9.046890933736102980e+00,4.578337851971613581e+00
8.689021038170688271e+00,-9.263545150688804242e+00,4.590989204025857084e+00
8.607450765498333212e+00,-9.477628620933417736e+00,4.602626581088488322e+00
8.537344350634416656e+00,-9.647459035328500576e+00,4.610524097672549892e+00
8.462944316521536336e+00,-9.815907477548979188e+00,4.618941435092292380e+00
8.365064832478417145e+00,-1.002498309119304132e+01,4.631483646293508727e+00
8.282620710676738440e+00,-1.019077880500398159e+01,4.640335594619112491e+00
8.174714907960696664e+00,-1.039618025568843507e+01,4.652219711866333540e+00
8.130737425472482016e+00,-1.047657915737183387e+01,4.523693467394788392e+00
8.108747470202793295e+00,-1.051606548563043653e+01,4.527728481508168201e+00
8.064765619639402416e+00,-1.059520826031569740e+01,4.533052755715074156e+00
7.975642159180341473e+00,-1.075329850622832772e+01,4.547788273207853393e+00
7.887877032684172285e+00,-1.091296838785205203e+01,4.561636886402017588e+00
7.865906352581088612e+00,-1.095298529877282867e+01,4.565120727275107093e+00
7.776898498070180743e+00,-1.111280472547091058e+01,4.581251567660221902e+00
7.686589013418421601e+00,-1.127248795469111897e+01,4.594540946979623008e+00
7.571509374885220467e+00,-1.147171236592124188e+01,4.612326179664295367e+00
7.501673154855281744e+00,-1.159122383218028141e+01,4.620239531148288670e+00
7.455002570052836397e+00,-1.167101822840720082e+01,4.491199711091666380e+00
7.432387433344431749e+00,-1.170982082973389460e+01,4.495755099656033593e+00
7.321236550523763320e+00,-1.190553738201761469e+01,4.513524449321537624e+00
7.213977198724287554e+00,-1.209838919523063083e+01,4.401377538907882858e+00
7.109478778812312605e+00,-1.229248590164138122e+01,4.423253375208391347e+00
7.027863130351315490e+00,-1.244965224298838535e+01,4.439290452524705444e+00
6.928758409683730690e+00,-1.264862702571835129e+01,4.460796594231567269e+00
6.851005340047628955e+00,-1.280940798372481026e+01,4.478270658368784574e+00
6.737330458070863948e+00,-1.305333750327923603e+01,4.500123964909166219e+00
6.665024699080252191e+00,-1.321825934143069325e+01,4.514550027805222854e+00
6.595429655678229253e+00,-1.338490896448285916e+01,4.527329784212478891e+00
6.528232427514511826e+00,-1.355306363346725185e+01,4.538316712809396414e+00
6.464587520102536011e+00,-1.372298827300672741e+01,4.548089693638495135e+00
6.388855884081313441e+00,-1.393736718065547997e+01,4.559634387287492707e+00
6.319854782208146560e+00,-1.415451847967937304e+01,4.570669230255264281e+00
6.257774062561476391e+00,-1.437429456113253501e+01,4.583986322927672497e+00
6.213005923594002056e+00,-1.455187957443915892e+01,4.593684338906098397e+00
6.172520743191544312e+00,-1.473086182411701373e+01,4.603657161250438001e+00
6.117726588277714761e+00,-1.500138868700590500e+01,4.618831985695318387e+00
6.085076097280538221e+00,-1.518311807877292985e+01,4.628919421379974253e+00
6.055910076874626569e+00,-1.536588953663634349e+01,4.638430348663851177e+00
6.025572297621847540e+00,-1.559568716181770931e+01,4.647606653705308233e+00
6.005893893125087146e+00,-1.578044401602170765e+01,4.655804171463286956e+00
6.080141044507062276e+00,-1.830965517151280508e+01,4.743373999532224161e+00
6.087400343266490488e+00,-1.835648223288020375e+01,4.744519759149822491e+00
6.118929508576711029e+00,-1.853943210200253944e+01,4.618396433080360630e+00
6.157660183383166341e+00,-1.876721085082550999e+01,4.632037460404454521e+00
6.195425863805838596e+00,-1.899614555875188415e+01,4.647141368458330035e+00
6.227226625232521684e+00,-1.917947442393848689e+01,4.657057098733071498e+00
6.260310869386545463e+00,-1.936297355092880679e+01,4.667235391215712959e+00
6.303517255141843911e+00,-1.959257309114475021e+01,4.680783139850663410e+00
6.349377910592619578e+00,-1.982234289398281746e+01,4.694405544298056121e+00
6.385329674673447364e+00,-2.000270975167908460e+01,4.573481067895929009e+00
6.427884258866548350e+00,-2.022364440404015085e+01,4.458925850667373680e+00
6.459082988577869777e+00,-2.039539150319937022e+01,4.343173111177327961e+00
6.496533868965347125e+00,-2.060974695126310507e+01,4.366689031566197698e+00
6.450680709702676374e+00,-2.274511000141999872e+01,3.832682620278446972e+00
6.423639929920989644e+00,-2.281613042225843557e+01,3.840240668619443909e+00
6.394695330685209456e+00,-2.288652199724529268e+01,3.852849726583699841e+00
6.363283617864015973e+00,-2.295609608445002436e+01,3.865220100629938926e+00
6.329005983925968692e+00,-2.302291623578402380e+01,3.739588213763742619e+00
6.272821961263309376e+00,-2.311850124601058099e+01,3.756275624862960516e+00
6.232779725955513328e+00,-2.318092600183912566e+01,3.769345823485234170e+00
6.190609379785501076e+00,-2.324224573408403671e+01,3.781713776445918995e+00
6.122992712940051874e+00,-2.333163024636837335e+01,3.799155566771710291e+00
6.074668317004616291e+00,-2.338893085986683218e+01,3.806072761557123485e+00
6.023873255279902139e+00,-2.344427205033654715e+01,3.816886451515100198e+00
5.970733920702739894e+00,-2.349553251440584845e+01,3.690192460387848428e+00
5.915841095789862614e+00,-2.354301604571364592e+01,3.701836513840239373e+00
5.858879244560356803e+00,-2.358829840547400991e+01,3.574975621620275934e+00
5.800480955369467395e+00,-2.362696785167220881e+01,3.587133238456507556e+00
5.740526311150217609e+00,-2.366347183599491899e+01,3.599060716956596462e+00
5.678788942181729915e+00,-2.369723011583742789e+01,3.607420318357166700e+00
5.615315105868224244e+00,-2.372802298321544612e+01,3.618655982960985007e+00
5.550714700428226678e+00,-2.375296590646411587e+01,3.491258159650054704e+00
5.452579644465046727e+00,-2.378059617985899976e+01,3.506569730982588950e+00
5.386818781765755126e+00,-2.379153059142918636e+01,3.378078656217024189e+00
5.321746585826375053e+00,-2.379672925870200473e+01,3.386179650660565255e+00
5.226820989166254705e+00,-2.379317593039323242e+01,3.256910261900800130e+00
5.164986481732388945e+00,-2.378535245786230234e+01,3.125951849768741742e+00
5.107445972044369675e+00,-2.377013430815833317e+01,3.126097496861322433e+00
5.050821955082684056e+00,-2.375220910681727560e+01,3.126240386918540004e+00
4.997579955477640112e+00,-2.372915096870940488e+01,2.997550611747754168e+00
4.947572914672481836e+00,-2.370211730806962436e+01,3.005259856332930024e+00
4.901387023500847206e+00,-2.367102085495105968e+01,2.880392534130057136e+00
4.858739578645208113e+00,-2.363671409841463955e+01,2.895637975770912309e+00
4.817409012912142074e+00,-2.359994730231381865e+01,2.770552131652184169e+00
4.783410185767536404e+00,-2.355918312331738207e+01,2.794379823275500385e+00
4.750487239117776816e+00,-2.351669627168425691e+01,2.673523988735992063e+00
4.724691138041048788e+00,-2.347196911423261412e+01,2.704226365384556630e+00
4.699801597850201240e+00,-2.342583846583074347e+01,2.734347559555279972e+00
4.678418501556047993e+00,-2.337873017978395396e+01,2.620285105569046813e+00
4.659308247993963370e+00,-2.333126597729209806e+01,2.656832997946323438e+00
4.639984384433277320e+00,-2.328278156468630655e+01,2.542246681440991640e+00
4.625010416002022673e+00,-2.323500586254971623e+01,2.584375847773780155e+00
4.601798355107524330e+00,-2.316159363941374849e+01,2.629724493243379868e+00
4.586586276310770316e+00,-2.311141072253303008e+01,2.672301407639328996e+00
4.564324888857672846e+00,-2.303417615325628987e+01,2.721123123778370623e+00
4.543454437515110911e+00,-2.295471142142125132e+01,2.784948635426054420e+00
4.523107374820174442e+00,-2.287304817003832014e+01,2.847192132988549673e+00
4.509617827760409092e+00,-2.281768766375260071e+01,2.868046874124590140e+00
4.489797676336126031e+00,-2.273487798232078205e+01,2.773540538349036133e+00
4.469770616326300683e+00,-2.265346209547372425e+01,2.829013456224443779e+00
4.440134062216180233e+00,-2.254760806700495479e+01,2.747306170447024964e+00
4.413915964478986709e+00,-2.247015401309700522e+01,2.645116447412347860e+00
4.372259105306101290e+00,-2.237429429587258412e+01,2.549481333578316189e+00
4.347726367307794604e+00,-2.232872954057867432e+01,2.572367887774739348e+00
4.305411583343208726e+00,-2.226243648568655686e+01,2.600095316279435576e+00
4.273927498431142169e+00,-2.221984325720910647e+01,2.621490296638774087e+00
4.239893468590626213e+00,-2.218037283052439435e+01,2.502480524369185666e+00
4.204291748791745498e+00,-2.214366224820248163e+01,2.529274479734415326e+00
4.167175214473408218e+00,-2.210822338188255642e+01,2.544337674159294238e+00
4.108639103765020728e+00,-2.205936184864553340e+01,2.444690286284953551e+00
4.048308866623161251e+00,-2.201557530096890147e+01,2.498090489043056639e+00
3.986346917691470093e+00,-2.197277306234353844e+01,2.538902169036594270e+00
3.943771197685102425e+00,-2.194476854266853394e+01,2.580454866027689587e+00
3.900336407258985005e+00,-2.191667353818024822e+01,2.611407781687303142e+00
3.856368202829669745e+00,-2.188833477030694041e+01,2.654905100009952612e+00
3.790417753625311192e+00,-2.184568678275647358e+01,2.566566831262171444e+00
3.747099722390975884e+00,-2.181793441746158635e+01,2.611563405484429001e+00
3.703521338069522884e+00,-2.178922767829520879e+01,2.633988152270674732e+00
3.637570240187248949e+00,-2.174454659099269449e+01,2.696271065856036930e+00
3.593296221949309199e+00,-2.171351720131436025e+01,2.722178864481253235e+00
3.526445419716996987e+00,-2.166555241627191108e+01,2.764951155570062102e+00
3.481781459757929298e+00,-2.163245867728141647e+01,2.798991685862505019e+00
3.437317384140466281e+00,-2.159791144769715032e+01,2.829771999626685020e+00
3.393134022767068547e+00,-2.156195550314166098e+01,2.864166954068962045e+00
3.349413681935113019e+00,-2.152433007211250171e+01,2.892565007382423836e+00
3.305756496755168250e+00,-2.148586352118101317e+01,2.925260013039221008e+00
3.262012414279201966e+00,-2.144661089026923051e+01,2.957336116628006994e+00
3.218315762667426583e+00,-2.140646121683596448e+01,2.986069984339616123e+00
3.174933606419596543e+00,-2.136513168341640423e+01,3.016743102542955857e+00
3.132099211393122307e+00,-2.132246029004845767e+01,3.040922364091670271e+00
3.089836630422840180e+00,-2.127849915854294238e+01,3.070012566070167370e+00
3.048128800053084841e+00,-2.123324849538900949e+01,3.095072090124188602e+00
3.007094647589298564e+00,-2.118674803708709575e+01,3.122804416160573915e+00
2.967086678233195940e+00,-2.113864299607127606e+01,3.148387825190332556e+00
2.927753531342784044e+00,-2.108937593813277545e+01,3.174955591980109570e+00
2.870665245032997692e+00,-2.101278575570004392e+01,3.214336246244654305e+00
2.833581885381237786e+00,-2.096026105086862046e+01,3.239698829377243960e+00
2.797385008550776764e+00,-2.090654011131268675e+01,3.264581309973206391e+00
2.762135172136655381e+00,-2.085159685210746972e+01,3.291541926416093222e+00
2.727909409048669520e+00,-2.079542636482105067e+01,3.316979724001005270e+00
2.678424134935942114e+00,-2.070899910694574686e+01,3.353468312957970099e+00
2.646673545562183261e+00,-2.065002858604776392e+01,3.380344307201415877e+00
2.616187747041680112e+00,-2.058979775333745366e+01,3.403425794231283774e+00
2.572984419986017457e+00,-2.049728573515086083e+01,3.437859383069136854e+00
2.545943069948755522e+00,-2.043420557738150123e+01,3.461094759108009011e+00
2.519856490113698388e+00,-2.037023757390371159e+01,3.483884786599520833e+00
2.494861228551921162e+00,-2.030535525237036509e+01,3.506243408900509451e+00
2.471099517801301548e+00,-2.023959042617904913e+01,3.524043889911872007e+00
2.437353559166978378e+00,-2.013945093927969765e+01,3.557870267488012495e+00
2.416037754605555588e+00,-2.007177681652142098e+01,3.573667288408239884e+00
2.385564442664160012e+00,-1.996898346942319691e+01,3.607830117312434748e+00
2.356730364070545924e+00,-1.986471397599161648e+01,3.636809077290023229e+00
2.329283182815818698e+00,-1.975909006349429120e+01,3.666871112635439189e+00
2.303560181801470375e+00,-1.965200218868064042e+01,3.697899403852217493e+00
2.286859128802740226e+00,-1.957992600637030733e+01,3.720611964468715893e+00
2.262746872333082582e+00,-1.947073680059446232e+01,3.750463617462305610e+00
2.240354994877795214e+00,-1.936021758514785418e+01,3.783694316006541492e+00
2.226266669851604707e+00,-1.928582608161709544e+01,3.803567947008858141e+00
2.205822964786576357e+00,-1.917329432837793846e+01,3.835774262961145098e+00
2.192432088421979230e+00,-1.909769983416920525e+01,3.854474127807361761e+00
2.179038224285306580e+00,-1.902168754654368854e+01,3.874027385160941694e+00
2.165745406063202427e+00,-1.894525312839199671e+01,3.894804774976438289e+00
2.152812046611332075e+00,-1.886833751470127041e+01,3.915245018885515016e+00
2.140203270755154819e+00,-1.879095603423828464e+01,3.935252478335883985e+00
2.127887222743749529e+00,-1.871312489451984717e+01,3.954835781872029887e+00
2.115835029984110438e+00,-1.863485782470269925e+01,3.974109148361345323e+00
2.103752514461791900e+00,-1.855620425945072327e+01,3.993008506665838730e+00
2.091701631455228139e+00,-1.847716381369991367e+01,4.011464343249879327e+00
2.085747821504306376e+00,-1.843749347138701822e+01,4.020599800339652141e+00
2.079928581631948603e+00,-1.839771174349791494e+01,4.029648379232501298e+00
2.074095941884642080e+00,-1.835784017787891287e+01,4.038610906140079670e+00
2.068388274341796063e+00,-1.831786058101584302e+01,4.047388544379840525e+00
2.062659016477735197e+00,-1.827779510444264233e+01,4.056177573651096324e+00
2.057047678358088660e+00,-1.823762458875636838e+01,4.064900477931274736e+00
2.051408457950589348e+00,-1.819736966145146084e+01,4.073523807637910998e+00
2.045882109559828077e+00,-1.815701231996433052e+01,4.082065129479036436e+00
2.040323587419826890e+00,-1.811657300403674853e+01,4.089502897623897404e+00
2.034876711728967447e+00,-1.807604366452993716e+01,4.097967280749676533e+00
2.029394486927021291e+00,-1.803543355017306737e+01,4.106472276395678911e+00
2.012569259021964374e+00,-1.791314430682949776e+01,4.131177809227847497e+00
1.990809721896754647e+00,-1.774884721407565635e+01,4.163278509629183333e+00
1.969686014423245535e+00,-1.758319168518682574e+01,4.194192884165346413e+00
1.964455802248862293e+00,-1.754157815435385004e+01,4.201702391851780405e+00
1.944012643372937887e+00,-1.737436936596754933e+01,4.229514539561217035e+00
1.924094350163557010e+00,-1.720597441521290705e+01,4.256971239888041936e+00
1.899737519445701794e+00,-1.699394170662598924e+01,4.287552927760637900e+00
1.879233796051465122e+00,-1.682334862271153497e+01,4.309443999854922325e+00
1.856996134160058487e+00,-1.665202045328113201e+01,4.333774266654295992e+00
1.834376361566167235e+00,-1.647978334729378247e+01,4.357590157592727387e+00
1.811182411237345136e+00,-1.630669194336409333e+01,4.380091991743460866e+00
1.786280122762673894e+00,-1.613293509810931425e+01,4.402575349777405833e+00
1.761438261691495200e+00,-1.595828453388688928e+01,4.423980668232776026e+00
1.742225817824046397e+00,-1.582682037660989138e+01,4.439383675440362609e+00
1.715447334535276536e+00,-1.565099590045975830e+01,4.458716206575935814e+00
1.680153703763430428e+00,-1.543055205246086281e+01,4.477278216334882543e+00
1.658216763962822915e+00,-1.529931417524606552e+01,4.353931968411821174e+00
1.650798761700285944e+00,-1.525641880680008811e+01,4.356772725863912399e+00
1.643107516919081412e+00,-1.521354363931966347e+01,4.358879636157267257e+00
1.635299514884191563e+00,-1.517066886689547189e+01,4.361846250215108967e+00
1.600636246906763649e+00,-1.499948920075688896e+01,4.378407503431257730e+00
1.561965215638915216e+00,-1.483269796751916125e+01,4.261781331384994154e+00
1.551826874148282132e+00,-1.479134443202136140e+01,4.267004989203857512e+00
1.508573897539934094e+00,-1.462623841690002813e+01,4.284083519658335781e+00
1.460578809433123126e+00,-1.446186119584443830e+01,4.299693512146955499e+00
1.407730279612976920e+00,-1.429837365824539930e+01,4.316333197635072061e+00
1.334936281654046430e+00,-1.409539943376271331e+01,4.337200419057754885e+00
1.271581399339329899e+00,-1.393415781559368583e+01,4.353861849690029651e+00
1.185191745444232447e+00,-1.373474964591174441e+01,4.369136086941024288e+00
1.088971183199086035e+00,-1.354523679470018216e+01,4.253444198894721140e+00
9.838601646462128425e-01,-1.336102260322707558e+01,4.275910473585010863e+00
8.930687218938989647e-01,-1.321677176933270914e+01,4.293470551086008946e+00
7.961282344968834135e-01,-1.307575374560937220e+01,4.309694013863843765e+00
6.667126186713534519e-01,-1.290416330298390513e+01,4.331977236305475820e+00
5.846674763235699679e-01,-1.280401338207822093e+01,4.344185543225262514e+00
4.414632777017193366e-01,-1.264155517057053402e+01,4.362849524222307984e+00
3.231524229510934210e-01,-1.251964364590325829e+01,4.248065404381692112e+00
1.739558344797859923e-01,-1.237675940550445475e+01,4.146178338237597849e+00
8.431899674975612546e-02,-1.229493311333664529e+01,4.031834355773616707e+00
-6.482224527137600556e-02,-1.216279443985773057e+01,3.935318508683342653e+00
-2.110658842974912353e-01,-1.203621614118823402e+01,3.839219377472669059e+00
-3.519283016941487374e-01,-1.191232386259892984e+01,3.744988700223773392e+00
-4.909634093182311254e-01,-1.178522888396032720e+01,3.783335379081665728e+00
-6.011341731547454881e-01,-1.168055344520488426e+01,3.813639422592610462e+00
-7.356854514744899376e-01,-1.154427964118834460e+01,3.853307460185879663e+00
-8.658454194813630656e-01,-1.140159946760013909e+01,3.891539607790376554e+00
-9.661883786725025125e-01,-1.128262107221462252e+01,3.920698532453692042e+00
-1.062784232654717442e+00,-1.115924730922593788e+01,3.950065397210484885e+00
-1.177699367419242193e+00,-1.099881366664275006e+01,3.985027142561254898e+00
-1.263744439085706439e+00,-1.086499502765415492e+01,4.013445076178039805e+00
-1.325471656630767159e+00,-1.076203893944546763e+01,4.034953365213947762e+00
-1.365236818078304770e+00,-1.069217229395073154e+01,4.047749270941859656e+00
-1.384636728143693096e+00,-1.065685667888562271e+01,4.054847422789791267e+00
-1.477064129128971892e+00,-1.047673143680132846e+01,4.085267148616767763e+00
-1.544918444373639232e+00,-1.032842289477089182e+01,4.109406432602767723e+00
-1.608059379832202929e+00,-1.017693322931982358e+01,4.133659635340240612e+00
-1.679604073835779143e+00,-9.983214047017501258e+00,4.161702313154727051e+00
-1.729925098859458998e+00,-9.824812663040551897e+00,4.183284290562626850e+00
-1.784369608088436365e+00,-9.623081783154383118e+00,4.211269652221976578e+00
-1.821601578995937887e+00,-9.459117741183472816e+00,4.232937756866189005e+00
-1.860512422299319679e+00,-9.251334642071443071e+00,4.258157037858709693e+00
-1.885331076723707033e+00,-9.083125268763627247e+00,4.276841057150659431e+00
-1.907144011764148939e+00,-8.870720597482643299e+00,4.298320636567054542e+00
-1.917564275608293789e+00,-8.656538469735204799e+00,4.317061362705394423e+00
-1.918209202066442520e+00,-8.527477996959563100e+00,4.328839673254964993e+00
-1.911285656900621799e+00,-8.311862523666469826e+00,4.344746195565539537e+00
-1.897117975185441230e+00,-8.142104000131295649e+00,4.224648707782229451e+00
-1.874307715157136789e+00,-7.975500056499543966e+00,4.241274945716148714e+00
-1.842899575291503167e+00,-7.811179501327734975e+00,4.121452837517471046e+00
-1.790318943069935997e+00,-7.613405794244959779e+00,4.140568241149447992e+00
-1.724855281315099464e+00,-7.418613044058833594e+00,4.158071071183062628e+00
-1.644301715257486141e+00,-7.228679955535319834e+00,4.180250466915002683e+00
-1.569240971189418410e+00,-7.080833474476151856e+00,4.197251540446818474e+00
-1.549228540991182790e+00,-7.044397978880954092e+00,4.201362263275273179e+00
-1.418739045529785248e+00,-6.835931810965672817e+00,4.095533221431736592e+00
-1.324218705714859556e+00,-6.707384258095142826e+00,3.985923135644457993e+00
-1.226128158840959825e+00,-6.586882231280012157e+00,3.881859764837782834e+00
