1.700000000000000122e-01,0.000000000000000000e+00,0.000000000000000000e+00
1.700000000000000122e-01,0.000000000000000000e+00,0.000000000000000000e+00
1.700000000000000122e-01,0.000000000000000000e+00,0.000000000000000000e+00
1.713260000000000061e-01,0.000000000000000000e+00,1.696613102874984791e-01
1.834439051670658516e-01,-6.749971115181228496e-04,3.497476260622542910e-01
1.949718269950267702e-01,-2.114081857430865751e-03,4.537410575928551570e-01
1.949718269950267702e-01,-2.114081857430865751e-03,4.537410575928551570e-01
1.949718269950267702e-01,-2.114081857430865751e-03,4.537410575928551570e-01
2.269402600678466775e-01,-9.778425769488785502e-03,6.529945504264474954e-01
2.539657039042537701e-01,-2.114423426752609636e-02,7.796232410844419203e-01
2.937053511691247731e-01,-4.025246041794870722e-02,9.312522959349662788e-01
3.298157330722339964e-01,-5.940267712600062755e-02,1.047446100878135722e+00
3.692794117810488941e-01,-8.224086423308604732e-02,1.159282546161336525e+00
4.007666256140801631e-01,-1.020148324142148150e-01,1.240398893409766279e+00
4.448576353794385652e-01,-1.320838578327491186e-01,1.344999456238934021e+00
4.791922887769094475e-01,-1.575913768158536954e-01,1.263219435623494480e+00
5.072447143579189577e-01,-1.824497184715909159e-01,1.025316890143078474e+00
5.221608012866297832e-01,-1.959146045763220378e-01,9.189617782364113419e-01
5.294810273354773056e-01,-2.018771858282700504e-01,7.863617782364114017e-01
5.357308148510585566e-01,-2.069906009498113098e-01,8.125237822145188193e-01
5.492231788164692041e-01,-2.168843305126560428e-01,8.641037542914943304e-01
5.888672149040068415e-01,-2.404410430660827158e-01,6.939543302538615510e-01
6.159352805263809127e-01,-2.514663255490646732e-01,7.959645085227221584e-01
6.315057074338626952e-01,-2.562814183191900463e-01,8.413891847600463159e-01
6.662959963124919227e-01,-2.636357401136466549e-01,9.263220277839028238e-01
6.662959963124919227e-01,-2.636357401136466549e-01,9.263220277839028238e-01
6.756919953984792393e-01,-2.651331271928036859e-01,7.937220277839027727e-01
7.012846347883379128e-01,-2.670416603414814682e-01,8.696108128340993559e-01
7.263200098272122318e-01,-2.671945536986587433e-01,7.926869293921564585e-01
7.566407584681328347e-01,-2.658853569155850693e-01,7.526584228907289287e-01
7.928516701458628857e-01,-2.629296840243083855e-01,7.539669803483941557e-01
8.211881439854997744e-01,-2.611396798803703456e-01,7.281837210522654757e-01
8.211881439854997744e-01,-2.611396798803703456e-01,7.281837210522654757e-01
8.211881439854997744e-01,-2.611396798803703456e-01,7.281837210522654757e-01
8.553125371764490614e-01,-2.610777415024325698e-01,7.474155381354481431e-01
8.843065592018921617e-01,-2.626727775996109404e-01,7.300410097044469637e-01
9.194568448973502450e-01,-2.666901250496317433e-01,7.556374580360604165e-01
9.510041425593817044e-01,-2.713719162653075445e-01,8.881333274717075899e-01
9.878045625281746123e-01,-2.779186544862238817e-01,1.025756209560178212e+00
1.030231671804707538e+00,-2.857970878644056634e-01,1.168012783460288473e+00
1.091101009222130935e+00,-2.968076827187718369e-01,1.339195504557789018e+00
1.159647659222539762e+00,-3.097797341469890053e-01,1.488320618003145857e+00
1.159647659222539762e+00,-3.097797341469890053e-01,1.488320618003145857e+00
1.174261164087819553e+00,-3.126002296406346082e-01,1.521415229718401152e+00
1.219896967512004382e+00,-3.217218656747947159e-01,1.614512981952056059e+00
1.301589463335753427e+00,-3.392646278992852982e-01,1.759291049132286400e+00
1.390290838992382483e+00,-3.584009871377366596e-01,1.900631748898542472e+00
1.466348324789670254e+00,-3.743360013450128254e-01,2.012705264233599856e+00
1.485995669239362327e+00,-3.787138181571371720e-01,2.040641112023109383e+00
1.485995669239362327e+00,-3.787138181571371720e-01,2.040641112023109383e+00
1.566959860199349297e+00,-3.969153045114777179e-01,2.139630783784052692e+00
1.651830316588930536e+00,-4.165673228428221075e-01,2.242224123652252654e+00
1.763172873985830336e+00,-4.438631148182737851e-01,2.366763496756117746e+00
1.856136550215185643e+00,-4.677901359783367963e-01,2.455742337778257678e+00
1.977184416919713028e+00,-4.985840731727689268e-01,2.564596046376869332e+00
1.977184416919713028e+00,-4.985840731727689268e-01,2.564596046376869332e+00
1.977184416919713028e+00,-4.985840731727689268e-01,2.564596046376869332e+00
2.027099774851671921e+00,-5.112874422707379685e-01,2.608621076953832940e+00
2.129320768819046084e+00,-5.381114858263718048e-01,2.696841087383297531e+00
2.129320768819046084e+00,-5.381114858263718048e-01,2.696841087383297531e+00
2.129320768819046084e+00,-5.381114858263718048e-01,2.696841087383297531e+00
2.234480845717731867e+00,-5.661958279185578258e-01,2.761993980012890315e+00
2.342164001667490503e+00,-5.959033047827181351e-01,2.842944896273783773e+00
2.480361832014435386e+00,-6.362829008616958104e-01,2.935232403741255158e+00
2.593408762163628367e+00,-6.713674890986913724e-01,3.003933900504224930e+00
2.622044684788589208e+00,-6.804458009238976146e-01,3.016747290902574541e+00
2.622044684788589208e+00,-6.804458009238976146e-01,3.016747290902574541e+00
2.708742265426041129e+00,-7.082541155807841049e-01,3.071136607045686695e+00
2.856323773237642527e+00,-7.554972694293198288e-01,3.147584749592029496e+00
2.976713994203497027e+00,-7.946979618126703837e-01,3.205171053667492664e+00
3.129562835302755364e+00,-8.464131766678062441e-01,3.272912715465364997e+00
3.160443562838018750e+00,-8.572523721485789672e-01,3.281122060118697004e+00
3.160443562838018750e+00,-8.572523721485789672e-01,3.281122060118697004e+00
3.284674432560089397e+00,-9.023386294436919197e-01,3.342005919139020342e+00
3.410580227610080506e+00,-9.496701224343747638e-01,3.399260980723870951e+00
3.570377514659869966e+00,-1.010831367405426562e+00,3.463904981601863664e+00
3.700251513758331168e+00,-1.061063855753252794e+00,3.514791940899788525e+00
3.831165817491007708e+00,-1.113807797563448387e+00,3.555828461431344678e+00
3.864006691577472896e+00,-1.127429445361594507e+00,3.568587145938524774e+00
3.864006691577472896e+00,-1.127429445361594507e+00,3.568587145938524774e+00
4.029041385315030865e+00,-1.197598034459493643e+00,3.622397902512172418e+00
4.162023728263707589e+00,-1.256632045426030464e+00,3.666804993210687869e+00
4.329191098905059931e+00,-1.334077543642550490e+00,3.717261973230270300e+00
4.497889220513414443e+00,-1.414488764834231915e+00,3.771323964851502009e+00
4.497889220513414443e+00,-1.414488764834231915e+00,3.771323964851502009e+00
4.497889220513414443e+00,-1.414488764834231915e+00,3.771323964851502009e+00
4.565595242358461370e+00,-1.447814146266989788e+00,3.788231540204451075e+00
4.701142322247975791e+00,-1.516581771916513555e+00,3.826392453256753257e+00
4.802885512472459872e+00,-1.570243927417131147e+00,3.855755635635553347e+00
4.904908838805378757e+00,-1.625205609920315597e+00,3.882080535163307200e+00
5.041118413675477861e+00,-1.700735185714421283e+00,3.919514785855183092e+00
5.178355757450709973e+00,-1.777625078290608229e+00,3.957683370563554348e+00
5.312730222880978737e+00,-1.854078727354324663e+00,3.855658323537324517e+00
5.443239919843972707e+00,-1.931864781158368682e+00,3.754510566693480378e+00
5.571317125895776989e+00,-2.011311766383834243e+00,3.792350484744029249e+00
5.731124709734378264e+00,-2.114946403069608571e+00,3.839730045499865518e+00
5.795086712451181121e+00,-2.157517802785669847e+00,3.856882660192528345e+00
5.923330837738363996e+00,-2.244003278837195303e+00,3.890014324974343296e+00
6.083137887605239769e+00,-2.355902351018752672e+00,3.927457764747117164e+00
6.178450229116929648e+00,-2.425450360287354279e+00,3.951658895697500729e+00
6.210080502837735494e+00,-2.449103116861489404e+00,3.960275762567595503e+00
6.210080502837735494e+00,-2.449103116861489404e+00,3.960275762567595503e+00
6.273309100045349140e+00,-2.496885344006678498e+00,3.977877029078483062e+00
6.399610268665460566e+00,-2.594270996613211810e+00,4.009352238563837822e+00
6.525970513884661983e+00,-2.693559533404359829e+00,4.039289692533088783e+00
6.677885954430637483e+00,-2.819095559415142116e+00,3.942573344320373430e+00
6.797702455932935983e+00,-2.922127597859689452e+00,3.972412233237332391e+00
6.916357140876778331e+00,-3.028370020746181002e+00,4.004877854529267367e+00
7.033694542159802943e+00,-3.137694396849358469e+00,4.030703328090496917e+00
7.120508062061362331e+00,-3.221865433235594711e+00,4.047120546972881705e+00
7.120508062061362331e+00,-3.221865433235594711e+00,4.047120546972881705e+00
7.120508062061362331e+00,-3.221865433235594711e+00,4.047120546972881705e+00
7.233940970523779157e+00,-3.337760385632755344e+00,4.077330708214207178e+00
7.318201731356380080e+00,-3.426530255444530493e+00,3.958972817923183563e+00
7.370079941432187809e+00,-3.484408626412069943e+00,3.834552668926503927e+00
7.420245422449581518e+00,-3.542309283606201564e+00,3.849322878832105665e+00
7.537772274815868201e+00,-3.691509309072818823e+00,3.749612039426126309e+00
7.602694530476886037e+00,-3.783216470571783230e+00,3.777929538080763372e+00
7.664060766894044363e+00,-3.876514387648139603e+00,3.663363872808428123e+00
7.757788173188726155e+00,-4.033820266304519286e+00,3.710622794585446194e+00
7.829186247853122005e+00,-4.163761814044760534e+00,3.743218646594258292e+00
7.896009610514123089e+00,-4.297627922550862678e+00,3.771897038001571278e+00
7.970269864882375543e+00,-4.469580834452368201e+00,3.674422670829775139e+00
8.030571773498499155e+00,-4.643024043518967581e+00,3.712262450214037113e+00
8.030571773498499155e+00,-4.643024043518967581e+00,3.712262450214037113e+00
8.030571773498499155e+00,-4.643024043518967581e+00,3.712262450214037113e+00
8.071961249590321685e+00,-4.783994948893164789e+00,3.608487409939577617e+00
8.110818728304767689e+00,-4.957316029397174972e+00,3.521338491189824005e+00
8.135704852456248304e+00,-5.094458810373645896e+00,3.426705603313279891e+00
8.159282211795575890e+00,-5.261850128574967478e+00,3.352508568896570562e+00
8.175058169377695805e+00,-5.395545830222648220e+00,3.405161940885810257e+00
8.188895463948636433e+00,-5.531850059687251964e+00,3.316651104093624625e+00
8.198414859733805571e+00,-5.664977696283520103e+00,3.228325546949167180e+00
8.199962757012153602e+00,-5.697196447885797710e+00,3.243287214482368341e+00
8.199962757012153602e+00,-5.697196447885797710e+00,3.243287214482368341e+00
8.203931296235332127e+00,-5.860589982325612901e+00,3.310217107984634310e+00
8.201452019167827956e+00,-6.027234137449185347e+00,3.375570738790533376e+00
8.201452019167827956e+00,-6.027234137449185347e+00,3.375570738790533376e+00
8.201452019167827956e+00,-6.027234137449185347e+00,3.375570738790533376e+00
8.194008166146797834e+00,-6.192757033595321481e+00,3.303730916742600776e+00
8.185397009223546405e+00,-6.322479587457522143e+00,3.217239715012446766e+00
8.176548486592515985e+00,-6.448726079946252909e+00,3.127873509461160495e+00
8.174930811367859818e+00,-6.479968812880309237e+00,3.141726882888580707e+00
8.174930811367859818e+00,-6.479968812880309237e+00,3.141726882888580707e+00
8.173392967612878479e+00,-6.638300381492758362e+00,3.197720892646501056e+00
8.179454081698661838e+00,-6.760080529295610319e+00,2.967048686984470773e+00
8.186417047828575377e+00,-6.905419768773201739e+00,2.890690542706975563e+00
8.185741092830232546e+00,-7.018891846009479352e+00,2.794948658436742672e+00
8.185741092830232546e+00,-7.018891846009479352e+00,2.794948658436742672e+00
8.184346050974884434e+00,-7.046872703143234773e+00,2.806793222928682496e+00
8.172071061241476642e+00,-7.155523931075976840e+00,2.710868844019058699e+00
8.146605335936472514e+00,-7.255972050710032484e+00,2.478448906316036648e+00
8.146605335936472514e+00,-7.255972050710032484e+00,2.478448906316036648e+00
8.146605335936472514e+00,-7.255972050710032484e+00,2.478448906316036648e+00
8.130670304706761442e+00,-7.302417441763592976e+00,2.370833834709280552e+00
8.130670304706761442e+00,-7.302417441763592976e+00,2.370833834709280552e+00
8.122308728361305796e+00,-7.324974821320376250e+00,2.395581156433504777e+00
8.105169398517238832e+00,-7.370467111226703061e+00,2.287493131128131463e+00
8.096210014109701092e+00,-7.391749113967938989e+00,2.304419959088241487e+00
8.096210014109701092e+00,-7.391749113967938989e+00,2.304419959088241487e+00
8.078540291646319815e+00,-7.434703063881537233e+00,2.188585812914450646e+00
8.037701998853414409e+00,-7.531145463924384664e+00,2.099648085863835778e+00
8.010091990248611182e+00,-7.607967451284804561e+00,1.993262128262167199e+00
7.985724699789098935e+00,-7.700154279462877227e+00,1.894674180896636528e+00
7.976157278879614232e+00,-7.772976788757608446e+00,1.794975611394486137e+00
7.975879026683990070e+00,-7.860915408723562869e+00,1.727013137591875580e+00
7.983606742596720984e+00,-7.928689826339971880e+00,1.661549080920669885e+00
8.000378841941776287e+00,-8.009543405511919900e+00,1.489948462587897815e+00
8.000378841941776287e+00,-8.009543405511919900e+00,1.489948462587897815e+00
8.004300898141350373e+00,-8.024474010182458983e+00,1.514180120828689580e+00
8.011635958375755706e+00,-8.054876331374209997e+00,1.561954299614257913e+00
8.024452278367402158e+00,-8.113403112480586543e+00,1.489856705468041165e+00
8.033575149744459409e+00,-8.172119109845167984e+00,1.415780479156927951e+00
8.037124445471789613e+00,-8.241698627290430679e+00,1.359352305552050000e+00
8.033104800315207683e+00,-8.297481780343064273e+00,1.434486923003705172e+00
8.017336590076983072e+00,-8.371134781599456787e+00,1.533081206414744990e+00
8.017336590076983072e+00,-8.371134781599456787e+00,1.533081206414744990e+00
8.017336590076983072e+00,-8.371134781599456787e+00,1.533081206414744990e+00
7.990451948658965797e+00,-8.444664577842109665e+00,1.481414380888793847e+00
7.956873951268652156e+00,-8.513248735419866264e+00,1.457101458512161329e+00
7.956873951268652156e+00,-8.513248735419866264e+00,1.457101458512161329e+00
7.956873951268652156e+00,-8.513248735419866264e+00,1.457101458512161329e+00
7.927586258632710603e+00,-8.566198426609346939e+00,1.416697411110266813e+00
7.894999719834885354e+00,-8.628157723945369284e+00,1.392437687652713585e+00
7.873476789905078377e+00,-8.677929532732362006e+00,1.333731375035857925e+00
7.868843827052479867e+00,-8.690439272527797243e+00,1.357455727092795827e+00
7.868843827052479867e+00,-8.690439272527797243e+00,1.357455727092795827e+00
7.853369687823422929e+00,-8.742353742937307715e+00,1.295320997363365256e+00
7.845016507950928641e+00,-8.793817388587168438e+00,1.235176116435521054e+00
7.843654137840895046e+00,-8.856525898624457938e+00,1.210750523748455709e+00
7.847956183473495884e+00,-8.918479190169069426e+00,1.199202965195331982e+00
7.847956183473495884e+00,-8.918479190169069426e+00,1.199202965195331982e+00
7.847956183473495884e+00,-8.918479190169069426e+00,1.199202965195331982e+00
7.853405953055999866e+00,-8.977955512961591111e+00,1.204669145640510530e+00
7.854595754967664156e+00,-9.025178828112419893e+00,1.168896055330387762e+00
7.849918308122762589e+00,-9.081409537903249785e+00,1.147722826389689033e+00
7.837052761427504066e+00,-9.140463370617840866e+00,1.287963812856336876e+00
7.837052761427504066e+00,-9.140463370617840866e+00,1.287963812856336876e+00
7.837052761427504066e+00,-9.140463370617840866e+00,1.287963812856336876e+00
7.820528458121056126e+00,-9.188472218788010792e+00,1.244059508518174484e+00
7.796592111219006860e+00,-9.245291725933981297e+00,1.246400520855400540e+00
7.787402187157314692e+00,-9.267370628044373504e+00,1.148870514206348670e+00
7.762607227145661426e+00,-9.344601208662378866e+00,1.219188025074391168e+00
7.762607227145661426e+00,-9.344601208662378866e+00,1.219188025074391168e+00
7.762607227145661426e+00,-9.344601208662378866e+00,1.219188025074391168e+00
7.753493853222320986e+00,-9.393998638248419297e+00,1.320239111510070229e+00
7.746972019581519042e+00,-9.458310912080584387e+00,1.317498632156060001e+00
7.741221676055924483e+00,-9.522567903721784077e+00,1.321684364770221443e+00
7.734974825937366738e+00,-9.573829326350621116e+00,1.291496727499332753e+00
7.724547595973998426e+00,-9.635896039042561867e+00,1.291770138978659332e+00
7.724547595973998426e+00,-9.635896039042561867e+00,1.291770138978659332e+00
7.721625202892335338e+00,-9.648497428343141280e+00,1.324223329003488603e+00
7.715173754602189682e+00,-9.674555833135757510e+00,1.387196740137825790e+00
7.708192069902430887e+00,-9.701790172281906877e+00,1.286275326799675600e+00
7.693716738162372337e+00,-9.753398770727830680e+00,1.419055578267331530e+00
7.674618960618584396e+00,-9.820171970179899290e+00,1.422865194967251279e+00
7.668046225936699045e+00,-9.846500579165619271e+00,1.324252617711609625e+00
7.659224883967412190e+00,-9.886229462605502505e+00,1.422376006906878931e+00
7.651106565946626858e+00,-9.929136035402173377e+00,1.519529107514279387e+00
7.645576158112574738e+00,-9.959082952300708058e+00,1.556829099586788834e+00
7.642819189499449273e+00,-9.974412605886017857e+00,1.588821775372217582e+00
7.634358636446132884e+00,-1.002185286934183672e+01,1.661863369796391598e+00
7.631322707271198880e+00,-1.003819466115072423e+01,1.693327520042534173e+00
7.622334245898560567e+00,-1.008582945540097953e+01,1.625009804883117859e+00
7.609114838892509169e+00,-1.015105748035653477e+01,1.732938929519374671e+00
7.593656869546944854e+00,-1.022041432295293006e+01,1.845168685136747477e+00
7.589679834020675031e+00,-1.023843349283231952e+01,1.874609891150180507e+00
7.573586998612970689e+00,-1.031335888977893767e+01,1.985351415063149494e+00
7.569507502535563148e+00,-1.033278875969103794e+01,2.013570860606662016e+00
7.552149582897366820e+00,-1.041308916783835592e+01,2.121191501412708735e+00
7.547599107213425640e+00,-1.043380768103757106e+01,2.148191577117323003e+00
7.528468748576917946e+00,-1.051906470653548986e+01,2.249022455461503256e+00
7.513268042193008256e+00,-1.058557065558908583e+01,2.324699893776458026e+00
7.492194810804997829e+00,-1.067759767844620100e+01,2.421506385836501352e+00
7.470534214633739012e+00,-1.077319762653903901e+01,2.508336822609553263e+00
7.465050385592848947e+00,-1.079767418941873736e+01,2.524769462124557329e+00
7.465050385592848947e+00,-1.079767418941873736e+01,2.524769462124557329e+00
7.454138219959230760e+00,-1.084721603062907924e+01,2.566899617260879563e+00
7.454138219959230760e+00,-1.084721603062907924e+01,2.566899617260879563e+00
7.443157525718516077e+00,-1.089760270227366235e+01,2.612778677374396175e+00
7.420189691836771573e+00,-1.100072417196335195e+01,2.690024061790219356e+00
7.414246859615034602e+00,-1.102695985363360442e+01,2.711967576974092076e+00
7.408257768913941277e+00,-1.105341002835399422e+01,2.733702409328565786e+00
7.384411306081806181e+00,-1.116137067831299490e+01,2.816249050553762068e+00
7.353342647791625275e+00,-1.130072709935986808e+01,2.914903197144917524e+00
7.327127751947920764e+00,-1.141553469323958936e+01,2.992321255519499790e+00
7.327127751947920764e+00,-1.141553469323958936e+01,2.992321255519499790e+00
7.320541097431785715e+00,-1.144472397752413961e+01,3.005326779711937402e+00
7.300349744993484435e+00,-1.153315674339364705e+01,3.060758831735972407e+00
7.280234487344982242e+00,-1.162314568018970462e+01,3.107213086729646356e+00
7.246651314854732462e+00,-1.177662033281037424e+01,3.193941213071006313e+00
7.219510102069923718e+00,-1.190241666069043625e+01,3.257105665337707290e+00
7.212660951547409383e+00,-1.193425950701747240e+01,3.273601396086261328e+00
7.212660951547409383e+00,-1.193425950701747240e+01,3.273601396086261328e+00
7.192202434441856695e+00,-1.203059458272315929e+01,3.311552373328879195e+00
7.171181531451333413e+00,-1.212814961760777344e+01,3.356038606999781848e+00
7.156442014709560873e+00,-1.219378619924117046e+01,3.386161608698908587e+00
7.148836646643724535e+00,-1.222678560123489611e+01,3.395954491012179943e+00
7.125910781412647665e+00,-1.232636226849727024e+01,3.433321795567678691e+00
7.118359530861482654e+00,-1.235985495086306507e+01,3.448120914685522287e+00
7.068380993809349810e+00,-1.258868311006190766e+01,3.259497921706850931e+00
7.054922833567974116e+00,-1.265263079180290795e+01,3.289374212787994356e+00
7.029389153627712439e+00,-1.278264868594827774e+01,3.349659960066128761e+00
7.029389153627712439e+00,-1.278264868594827774e+01,3.349659960066128761e+00
7.017104477712828192e+00,-1.284866452010160209e+01,3.231797831358107054e+00
6.988637394619689580e+00,-1.300785773385993060e+01,3.164798587998722823e+00
6.983058360832028022e+00,-1.303900615310984001e+01,3.181885777793806103e+00
6.947742838847931424e+00,-1.322163240638904291e+01,3.129846380199379663e+00
6.941405177884278466e+00,-1.325229094619516701e+01,3.146684777460391658e+00
6.928320613954698004e+00,-1.331404153943380386e+01,3.179882695374891100e+00
6.928320613954698004e+00,-1.331404153943380386e+01,3.179882695374891100e+00
6.928320613954698004e+00,-1.331404153943380386e+01,3.179882695374891100e+00
6.915085798765987946e+00,-1.337491329273882279e+01,3.065847939915050890e+00
6.889043584027392697e+00,-1.349435309258849713e+01,2.987867588916448991e+00
6.871654159776419135e+00,-1.358129624841688532e+01,2.891400167255703479e+00
6.846544708420073455e+00,-1.372547360016518070e+01,2.977553848971051131e+00
6.826153382022871696e+00,-1.387029845455609767e+01,2.918996809112277990e+00
6.826153382022871696e+00,-1.387029845455609767e+01,2.918996809112277990e+00
6.822192116463966727e+00,-1.389922519863947237e+01,2.937571635532068015e+00
6.814594265265532691e+00,-1.395615230735874590e+01,2.825602627608442052e+00
6.807268858169115866e+00,-1.401239192571737213e+01,2.866277875426237909e+00
6.791454042313805672e+00,-1.412252990100349415e+01,2.641830083233131621e+00
6.791454042313805672e+00,-1.412252990100349415e+01,2.641830083233131621e+00
6.787218498122997268e+00,-1.414861050054394909e+01,2.659138057028928692e+00
6.773621587794493415e+00,-1.422787039497663031e+01,2.719880739602088759e+00
6.773621587794493415e+00,-1.422787039497663031e+01,2.719880739602088759e+00
6.763596858827175318e+00,-1.428139428049709458e+01,2.741611071239886677e+00
6.748046929109045244e+00,-1.436127806549581898e+01,2.651575953801695640e+00
6.719392795595983792e+00,-1.451438276678712747e+01,2.612655807474216552e+00
6.703933300944378004e+00,-1.461439146229882446e+01,2.545063130317270161e+00
6.703933300944378004e+00,-1.461439146229882446e+01,2.545063130317270161e+00
6.697063831700475589e+00,-1.466505483306736934e+01,2.586350314526619343e+00
6.684461351510309512e+00,-1.476906087853297045e+01,2.669041028107005609e+00
6.676450056860853799e+00,-1.484634048922991667e+01,2.580986912773002739e+00
6.673946606422890504e+00,-1.487204187147632339e+01,2.602942637581423746e+00
6.669104996480559322e+00,-1.492255961652472251e+01,2.494391081266298382e+00
6.661689610949247609e+00,-1.499774158630770593e+01,2.409204041481369796e+00
6.648417649862606638e+00,-1.511981720944876351e+01,2.369934349023993470e+00
6.642314009314706169e+00,-1.516706910812101938e+01,2.416767365492684672e+00
6.625013987644493341e+00,-1.528671243061263496e+01,2.359634556280290063e+00
6.618026453715167179e+00,-1.533365196773352856e+01,2.408922065259389456e+00
6.598857146986718547e+00,-1.547117628890676500e+01,2.238089003661568821e+00
6.598857146986718547e+00,-1.547117628890676500e+01,2.238089003661568821e+00
6.588041400233628053e+00,-1.556155053843192171e+01,2.326298066216744065e+00
6.578546307869243215e+00,-1.565554440834404737e+01,2.419318509220040880e+00
6.578546307869243215e+00,-1.565554440834404737e+01,2.419318509220040880e+00
6.578546307869243215e+00,-1.565554440834404737e+01,2.419318509220040880e+00
6.576424567693833545e+00,-1.567965494703197749e+01,2.432751130954728502e+00
6.576424567693833545e+00,-1.567965494703197749e+01,2.432751130954728502e+00
6.574254832426009720e+00,-1.570389325375440848e+01,2.456040594256890142e+00
6.572154783902748321e+00,-1.572837194788517046e+01,2.479108574763047912e+00
6.570007120843539994e+00,-1.575307576702041601e+01,2.486297563760992979e+00
6.570007120843539994e+00,-1.575307576702041601e+01,2.486297563760992979e+00
6.567970149308742123e+00,-1.577786206477172115e+01,2.509428973845130528e+00
6.567970149308742123e+00,-1.577786206477172115e+01,2.509428973845130528e+00
6.565892073418270414e+00,-1.580287502664368482e+01,2.532340404219367791e+00
6.557320456796803754e+00,-1.590486399294183606e+01,2.612306814121137855e+00
6.550763928224827559e+00,-1.598326893193176623e+01,2.661295544846054462e+00
6.548353876105111659e+00,-1.600977199664675865e+01,2.679023184287467441e+00
6.548353876105111659e+00,-1.600977199664675865e+01,2.679023184287467441e+00
6.541148140846381409e+00,-1.609047833785362158e+01,2.744398840471125478e+00
6.532065597206231367e+00,-1.620098615892048244e+01,2.818922751001873284e+00
6.532065597206231367e+00,-1.620098615892048244e+01,2.818922751001873284e+00
6.530005246709587041e+00,-1.622910070194074450e+01,2.839404294035765108e+00
6.525785887880148906e+00,-1.628593544842483709e+01,2.879784894033591947e+00
6.523637072637211709e+00,-1.631465281300669901e+01,2.898429339065531352e+00
6.523637072637211709e+00,-1.631465281300669901e+01,2.898429339065531352e+00
6.517332364641303499e+00,-1.640195493597341780e+01,2.955757140157277085e+00
6.517332364641303499e+00,-1.640195493597341780e+01,2.955757140157277085e+00
6.515202119598736630e+00,-1.643143530474930358e+01,2.973597672741022269e+00
6.502847603467549753e+00,-1.661223117380504277e+01,3.084306357108692609e+00
6.500867242756370068e+00,-1.664301034842213056e+01,3.102066914224259619e+00
6.494903595783477535e+00,-1.673634266439112750e+01,3.151074986603800365e+00
6.489156989112622398e+00,-1.683121027193068997e+01,3.201778127180508804e+00
6.485404726635370487e+00,-1.689521784580687935e+01,3.223991730293255031e+00
6.478593701450718889e+00,-1.702493419383925399e+01,3.285018110852961470e+00
6.478593701450718889e+00,-1.702493419383925399e+01,3.285018110852961470e+00
6.478593701450718889e+00,-1.702493419383925399e+01,3.285018110852961470e+00
6.475133266151536837e+00,-1.712389522263604391e+01,3.329410705979766405e+00
6.474158432432989940e+00,-1.715717668535453910e+01,3.336652600143163117e+00
6.470689889773151293e+00,-1.729150608145774015e+01,3.249470653766088013e+00
6.467313651053919088e+00,-1.742233074103536694e+01,3.306788848498653621e+00
6.464501133000934985e+00,-1.752197005743605018e+01,3.354234217834647591e+00
6.461225362661873639e+00,-1.765702772816894495e+01,3.406898465314627700e+00
6.458764670126978302e+00,-1.779416973374317124e+01,3.462371986104216148e+00
6.458764670126978302e+00,-1.779416973374317124e+01,3.462371986104216148e+00
6.455860032397054304e+00,-1.807483401337499984e+01,3.567175711137366978e+00
6.455557514255458429e+00,-1.821818416934735296e+01,3.614065101830357563e+00
6.455756794748311655e+00,-1.825432355832335674e+01,3.626771700133825771e+00
6.456612819905843459e+00,-1.840013693188517507e+01,3.676401133169388658e+00
6.457874025920354200e+00,-1.858499611848293398e+01,3.731780110282964191e+00
6.457874025920354200e+00,-1.858499611848293398e+01,3.731780110282964191e+00
6.458467133731089937e+00,-1.865974438403428337e+01,3.754969766018775523e+00
6.462835535041961066e+00,-1.896306904014246797e+01,3.840698947084670412e+00
6.464366899411889911e+00,-1.903997153773653039e+01,3.861727094418727191e+00
6.466063819178367034e+00,-1.911729213240560554e+01,3.882660485287258822e+00
6.467006024131432440e+00,-1.915610624612991586e+01,3.892831624073855412e+00
6.467925300553966750e+00,-1.919502268472460571e+01,3.902906035330591550e+00
6.467925300553966750e+00,-1.919502268472460571e+01,3.902906035330591550e+00
6.467925300553966750e+00,-1.919502268472460571e+01,3.902906035330591550e+00
6.468949827120191287e+00,-1.923403717853051376e+01,3.910951360242123087e+00
6.474501951988529846e+00,-1.943049108814497927e+01,3.959917930494199378e+00
6.481173346275222791e+00,-1.962898636431641108e+01,3.999084876198378158e+00
6.487156072064218293e+00,-1.978517223041684758e+01,3.898426615197096101e+00
6.493052768714132839e+00,-1.994133079164786793e+01,3.929870451837160772e+00
6.499461451264923362e+00,-2.013845048593412912e+01,3.969736447934462564e+00
6.503267500578965965e+00,-2.029757430113675554e+01,4.000179056993537152e+00
6.507026642893688262e+00,-2.049845193575886171e+01,4.044554026194489005e+00
6.509902014702300121e+00,-2.066069394215238475e+01,4.077918342805279650e+00
6.512596730762936659e+00,-2.082404404620753624e+01,4.102880870003837721e+00
6.513811971120841093e+00,-2.102438616376954883e+01,4.005022817838707283e+00
6.511674505560120174e+00,-2.118084901803483078e+01,3.900108000765435179e+00
6.505139695394932531e+00,-2.137097430531675357e+01,3.807079967415218924e+00
6.495530944481078706e+00,-2.151919440985809473e+01,3.705508471698881312e+00
6.482028407457606889e+00,-2.166299260746741595e+01,3.606098234328586560e+00
6.458845341159182851e+00,-2.184238107671652429e+01,3.651238179020485752e+00
6.447192878863669208e+00,-2.191299573718244531e+01,3.529941951118153565e+00
6.419643023205134469e+00,-2.204743871479965733e+01,3.433645019327246750e+00
6.387942106497442651e+00,-2.218114786669680427e+01,3.472503900922380815e+00
6.349537375178346821e+00,-2.231038322866201185e+01,3.376059298766455274e+00
6.349537375178346821e+00,-2.231038322866201185e+01,3.376059298766455274e+00
6.327884976509901449e+00,-2.237421002939566961e+01,3.255282602935581249e+00
6.292414810703717443e+00,-2.246516491244675962e+01,3.292967809416339264e+00
6.292414810703717443e+00,-2.246516491244675962e+01,3.292967809416339264e+00
6.239273183958133906e+00,-2.258533953880439427e+01,3.323782767434487972e+00
6.239273183958133906e+00,-2.258533953880439427e+01,3.323782767434487972e+00
6.239273183958133906e+00,-2.258533953880439427e+01,3.323782767434487972e+00
6.224516314885147672e+00,-2.261496331809656013e+01,3.335473656978714896e+00
6.224516314885147672e+00,-2.261496331809656013e+01,3.335473656978714896e+00
6.224516314885147672e+00,-2.261496331809656013e+01,3.335473656978714896e+00
6.127359760539706990e+00,-2.278251567085540685e+01,3.254220340947144852e+00
6.054782352087347164e+00,-2.289053710373505268e+01,3.156974037900575958e+00
5.954602210610911328e+00,-2.301086798851859072e+01,3.073474314374529559e+00
5.868700257518205454e+00,-2.309650816555037167e+01,2.979022278872272445e+00
5.800693135977633474e+00,-2.315400377441320856e+01,2.872307938526678761e+00
5.777515851557827986e+00,-2.317061346493213847e+01,2.885855593954897103e+00
5.681594791156926227e+00,-2.323443041682399723e+01,2.936487348935101771e+00
5.605289687507193364e+00,-2.327785017976036386e+01,2.829551594946141169e+00
5.501723556644291691e+00,-2.332332453430925412e+01,2.882086203084891274e+00
5.316856820201438794e+00,-2.337196666053315752e+01,2.681371948249321679e+00
5.238223947593754204e+00,-2.337884350096443242e+01,2.572325109175027880e+00
5.136571860019495617e+00,-2.337390047782380975e+01,2.471943949725647460e+00
5.040559720357509654e+00,-2.335481268117013798e+01,2.365770639894964500e+00
4.952335839771103920e+00,-2.332336631503424584e+01,2.249129681335530151e+00
4.891689448408611085e+00,-2.329312417495080112e+01,2.123089383320657664e+00
4.822235667309307416e+00,-2.324462555525877505e+01,2.015806920488722564e+00
4.760430115334317591e+00,-2.319065402654209151e+01,1.915768464403159843e+00
4.721384106942875469e+00,-2.314639389372069900e+01,1.967665986537363354e+00
4.697881254644249438e+00,-2.311555655771179119e+01,1.856247922644461479e+00
4.644930078962605791e+00,-2.303476829982131235e+01,1.808685661523426358e+00
4.609592828741693182e+00,-2.296851564047306482e+01,1.905198930032636406e+00
4.609592828741693182e+00,-2.296851564047306482e+01,1.905198930032636406e+00
4.584998636885961432e+00,-2.291884239202156337e+01,1.826331006236326715e+00
4.561629983826111179e+00,-2.286967972964335871e+01,1.750042061566509322e+00
4.538004393501021916e+00,-2.282160174794747576e+01,1.837833813367381275e+00
4.521753526535762013e+00,-2.279007490991967799e+01,1.734794784529392064e+00
4.505399963706727462e+00,-2.275912827238478897e+01,1.793076025843349797e+00
4.450788511582262075e+00,-2.266897707432816844e+01,1.638989607984134622e+00
4.410584518146591471e+00,-2.261564207237799096e+01,1.720590062796902409e+00
4.388182151555733768e+00,-2.258896328285549870e+01,1.758839014657479272e+00
4.329728675108258429e+00,-2.252702011245863289e+01,1.576442215865308860e+00
4.273057518274112176e+00,-2.246952397369931731e+01,1.563289972277657203e+00
4.250706575806445287e+00,-2.244699711144872722e+01,1.462310277458030994e+00
4.210114425250923276e+00,-2.240424624514427876e+01,1.429918542956367222e+00
4.171890269776956650e+00,-2.235988327492580297e+01,1.529374892204710124e+00
4.122949541483009739e+00,-2.229762102094224474e+01,1.661943946455641363e+00
4.082017298956277962e+00,-2.224319424609006290e+01,1.758061234424837860e+00
4.039861933539916627e+00,-2.218470793598357815e+01,1.869534781674735191e+00
3.963161506978631010e+00,-2.207163845111968925e+01,2.052115275705783670e+00
3.918553079371044578e+00,-2.200074402883952374e+01,2.152553435743095100e+00
3.896049798244393347e+00,-2.196366562480211115e+01,2.201899043392234301e+00
3.896049798244393347e+00,-2.196366562480211115e+01,2.201899043392234301e+00
3.896049798244393347e+00,-2.196366562480211115e+01,2.201899043392234301e+00
3.861730964124528320e+00,-2.190625597423630211e+01,2.274358929628107262e+00
3.850089194894102285e+00,-2.188669448562200515e+01,2.298030291391746527e+00
3.791099416900062913e+00,-2.178538231323247842e+01,2.405680752592751492e+00
3.791099416900062913e+00,-2.178538231323247842e+01,2.405680752592751492e+00
3.742619252349847603e+00,-2.170072584428195483e+01,2.489902865396993015e+00
3.730493181958631776e+00,-2.167897013035789300e+01,2.511746460567737316e+00
3.718431599507314278e+00,-2.165692651790351420e+01,2.534586881187119278e+00
3.682169956646650366e+00,-2.158933086545633984e+01,2.598399776567350994e+00
3.646093691481437915e+00,-2.151957247482284075e+01,2.656865178437131991e+00
3.587224780102141963e+00,-2.139855016496419182e+01,2.746258919145029953e+00
3.540800481470165906e+00,-2.129827991914509155e+01,2.806898071961205332e+00
3.517490432879425644e+00,-2.124710255877570830e+01,2.836729921631760298e+00
3.505778618615952968e+00,-2.122127011622217552e+01,2.856234384832291084e+00
3.411168180404636097e+00,-2.100769828162085062e+01,2.851959298917360108e+00
3.378235724798234418e+00,-2.092809829478790817e+01,2.911120229618171074e+00
3.356483022853627318e+00,-2.087553641757030576e+01,2.799188345729870964e+00
3.312978925077132430e+00,-2.077130477015935028e+01,2.872214558876116541e+00
3.232645214261878674e+00,-2.058703656413385730e+01,2.839558564856131895e+00
3.186985257060767296e+00,-2.048335505587927940e+01,2.768032368374334862e+00
3.143842154202286743e+00,-2.038173123395449693e+01,2.695287095504083297e+00
3.095534163478380396e+00,-2.025394195942358522e+01,2.777314589048178295e+00
3.086373464376857889e+00,-2.022769579425349917e+01,2.795677086894571506e+00
3.028895559010354344e+00,-2.004728785100483179e+01,2.633140353029827185e+00
3.020982783580323794e+00,-2.002217506897153498e+01,2.654122048294104808e+00
2.968845231875121726e+00,-1.987334472704122845e+01,2.609978245619025472e+00
2.959305691990500087e+00,-1.984901815837350014e+01,2.628597484639533466e+00
2.885161118838452499e+00,-1.968718819665401654e+01,2.471046589865712573e+00
2.852598287879231531e+00,-1.962139127012797246e+01,2.382752146736202281e+00
2.795475147483753364e+00,-1.949221069554535646e+01,2.335749617392519628e+00
2.779484825179446172e+00,-1.944802357704423201e+01,2.370949647392838422e+00
2.735329908358632878e+00,-1.926091154128394578e+01,2.357470513771196874e+00
2.732034814862625005e+00,-1.923730182786188436e+01,2.379210054187178347e+00
2.709045263652894331e+00,-1.905400506825187179e+01,2.233587779072327084e+00
2.698168597216589415e+00,-1.898893303641376207e+01,2.135200671995828525e+00
2.678891646284556671e+00,-1.890473753562974224e+01,2.193660800286769241e+00
2.616644388350581441e+00,-1.874637362060036239e+01,2.040075328464729498e+00
2.576684121096270985e+00,-1.867554228261281324e+01,1.981270033411730580e+00
2.525103701026695013e+00,-1.859042054001018585e+01,1.948482090176671289e+00
2.478564331923473141e+00,-1.850925981126828646e+01,1.745226301468466801e+00
2.440968126975644470e+00,-1.842851157379292104e+01,1.826922563325338533e+00
2.406681232329840991e+00,-1.832054042824987761e+01,1.939606144987612746e+00
2.390728614568375043e+00,-1.820596523565827241e+01,1.911139497828146405e+00
2.387737236350953918e+00,-1.813097139391955892e+01,1.866750618623905122e+00
2.386429229903391569e+00,-1.809287535116543921e+01,1.759507026550110265e+00
2.382908685212896671e+00,-1.800499770411925482e+01,1.724637451614235539e+00
2.372981197639917994e+00,-1.792010884193113540e+01,1.685216658608128748e+00
2.342495504562730257e+00,-1.780144516442912916e+01,1.826135607514892012e+00
2.314267175220488415e+00,-1.773463868272627408e+01,1.763466547615248681e+00
2.263544299637915813e+00,-1.764052797407589068e+01,1.599262023223902096e+00
2.217568633442227544e+00,-1.755743837780333649e+01,1.455401357032545029e+00
2.178692054679590484e+00,-1.746204925234974681e+01,1.488970418339281787e+00
2.160223508650575663e+00,-1.738676921232001504e+01,1.456150849550180038e+00
2.149249047081395414e+00,-1.729520024958494773e+01,1.441973244125191123e+00
2.140145376906179120e+00,-1.722134157056755654e+01,1.440903893272254654e+00
2.135537560812768465e+00,-1.719250240574690380e+01,1.502395180778733907e+00
2.129693179104526823e+00,-1.716270241733517210e+01,1.400102936404884924e+00
2.126372413151180751e+00,-1.714910013296688973e+01,1.430263514859396956e+00
2.118714719392577273e+00,-1.712125342373529335e+01,1.479976186608367383e+00
2.109437620969222493e+00,-1.709271891536967658e+01,1.541796927399117667e+00
2.092671456759127580e+00,-1.704847102175554951e+01,1.625363570347410969e+00
2.062653428082215079e+00,-1.697625082661803120e+01,1.450204482409138240e+00
2.038483173655480929e+00,-1.692112482120161943e+01,1.412528104083197622e+00
2.027233988659931985e+00,-1.689477138610611462e+01,1.478115329984469817e+00
2.021667623975525796e+00,-1.688105948565522851e+01,1.510441887053281640e+00
2.021667623975525796e+00,-1.688105948565522851e+01,1.510441887053281640e+00
2.016190703649617166e+00,-1.686697465189705269e+01,1.377841887053281589e+00
1.986348376812995919e+00,-1.676875124020022767e+01,1.589169311404145857e+00
1.977970311389242397e+00,-1.673773452485101387e+01,1.486887031891921174e+00
1.967175377298430616e+00,-1.669508010287786348e+01,1.420250952455309967e+00
1.944366353571695516e+00,-1.661289215957539156e+01,1.456324324428669437e+00
1.940182167593678564e+00,-1.659894290696377439e+01,1.459955028828671786e+00
1.926935045445679506e+00,-1.655617731812018434e+01,1.556516685185793891e+00
1.907181344333465978e+00,-1.649512553027381401e+01,1.682011963399157484e+00
1.901877712151919475e+00,-1.647916014829872466e+01,1.692138695695308614e+00
1.890854240422821242e+00,-1.644682429863343387e+01,1.753888672332436949e+00
1.885310817232559222e+00,-1.643018227509266183e+01,1.784323930362144317e+00
1.862332458236072519e+00,-1.636094052381458397e+01,1.892676319683746833e+00
1.856564605630515397e+00,-1.634291403628617800e+01,1.922028483128991994e+00
1.838624788417907219e+00,-1.628733262975867646e+01,2.002431737433459258e+00
1.813794116531400880e+00,-1.620955323442823115e+01,2.092979745650261236e+00
1.787262225516381253e+00,-1.612841725416999594e+01,2.198113581098156022e+00
1.745448367530229028e+00,-1.599937658699770715e+01,2.335384609854502358e+00
1.699369140205539752e+00,-1.586311676938055903e+01,2.482395434989877803e+00
1.641772637251668554e+00,-1.569432369760691692e+01,2.635062672855745802e+00
1.572023965916919730e+00,-1.548968855332847916e+01,2.780663729312327970e+00
1.515488568543204018e+00,-1.533112248513699960e+01,2.748933150707235651e+00
1.413103446606751135e+00,-1.506713930932590273e+01,2.918461467680787180e+00
1.346701491792804184e+00,-1.490235977052571315e+01,3.023613667047898801e+00
1.323478062994487781e+00,-1.484651075947807541e+01,3.042831868612907442e+00
1.299479267618939504e+00,-1.479039471654893845e+01,3.075816480386203366e+00
1.237232089962519543e+00,-1.464791432972238461e+01,3.160102389652421184e+00
1.237232089962519543e+00,-1.464791432972238461e+01,3.160102389652421184e+00
1.170906168273204706e+00,-1.450323584645264141e+01,3.224555067613399384e+00
1.129068183836819061e+00,-1.441555642584272157e+01,3.266673185549711089e+00
1.056467035888499995e+00,-1.426767084529855367e+01,3.340001945015005358e+00
9.811640005470846360e-01,-1.411717438655811385e+01,3.407497333659458949e+00
9.344036367444710223e-01,-1.402598317943942519e+01,3.441712922386799267e+00
8.361597608867448184e-01,-1.384277008508161622e+01,3.503219816459779423e+00
6.931749581215669309e-01,-1.359812189292776630e+01,3.583469334745430501e+00
6.009055563901022357e-01,-1.344330684715901647e+01,3.633951305856012226e+00
5.247275454577936538e-01,-1.331870742587583045e+01,3.681724663475579362e+00
4.456476241413964701e-01,-1.319380662254273595e+01,3.723227392141521097e+00
3.429909775933513982e-01,-1.303753229731912811e+01,3.764862843504296119e+00
2.378176260083103566e-01,-1.288011058824835509e+01,3.676928473660478147e+00
5.121536855547573208e-02,-1.260550641418758211e+01,3.636287853905365797e+00
-9.730524731328918375e-03,-1.251455441932126789e+01,3.673658105591244727e+00
-1.326625387785733134e-01,-1.233010326084722941e+01,3.732560912895470651e+00
-2.772969291287581961e-01,-1.211011748730643234e+01,3.801082666626458106e+00
-3.598719169479013824e-01,-1.198177045378146133e+01,3.840306304089070810e+00
-4.621062803093676785e-01,-1.181828243933983202e+01,3.881382409460950367e+00
-5.419972306526740224e-01,-1.168461628915465944e+01,3.915750750062592989e+00
-5.616593810302386025e-01,-1.165076762452956771e+01,3.922043208722420626e+00
-6.007723917758281962e-01,-1.158270566478542207e+01,3.940162333847996301e+00
-6.589809126306507281e-01,-1.147961632255018749e+01,3.965516316518281403e+00
-7.722140266307647716e-01,-1.126920160658556114e+01,4.009142065363992202e+00
-8.453539138954440091e-01,-1.112608455018668607e+01,4.041136124443946542e+00
-8.802094656724003263e-01,-1.105471850381838905e+01,3.917378838604494540e+00
-9.794362960089574299e-01,-1.084070934628624805e+01,3.964797120683090981e+00
-1.056127162047371559e+00,-1.065760063521611301e+01,3.998011107889429372e+00
-1.113337381636640755e+00,-1.050809871322685929e+01,4.026168534114995978e+00
-1.164588281391182534e+00,-1.035967509298028766e+01,3.919040917195538931e+00
-1.164588281391182534e+00,-1.035967509298028766e+01,3.919040917195538931e+00
-1.223602767193922247e+00,-1.017244328825969468e+01,3.956187307708017187e+00
-1.285703956600364073e+00,-9.942767560560627160e+00,3.998434418734949425e+00
-1.344282540943627646e+00,-9.668463331130245919e+00,4.039346267873681562e+00
-1.375794797946098713e+00,-9.473004322043719228e+00,3.937450981669480932e+00
-1.407314770892415412e+00,-9.119233748769968173e+00,3.990251507628962191e+00
-1.408747440092275927e+00,-8.885243424028912429e+00,3.758551500605816997e+00
-1.392187269190762411e+00,-8.593273378600548185e+00,3.566367903098869530e+00
-1.386471219422001244e+00,-8.522251948039420100e+00,3.580622612784618575e+00
-1.356852323311969810e+00,-8.198615908449056633e+00,3.543228027970966476e+00
-1.334664060744710223e+00,-8.025896834451392792e+00,3.465617193603444335e+00
-1.324162515618758196e+00,-7.957264251635015384e+00,3.492585068125988013e+00
-1.293823633811819196e+00,-7.790212086921197709e+00,3.402520167791687200e+00
-1.264029715458284242e+00,-7.656651284057603313e+00,3.453689793446626854e+00
-1.222661040913009423e+00,-7.487783603931317700e+00,3.510094277051438727e+00
-1.176126638673749447e+00,-7.317452153073396026e+00,3.567581409812506710e+00
-1.135129943794686458e+00,-7.180129716650789362e+00,3.603837800524677171e+00
-1.091794425593472839e+00,-7.042007821782419796e+00,3.651653268695513876e+00
-1.034816443531691554e+00,-6.873454450392817883e+00,3.425897821646256336e+00
-9.890649522924019887e-01,-6.743461227844891326e+00,3.483353194826850352e+00
-9.425293546038802095e-01,-6.615928463218632594e+00,3.397243859569211377e+00
-8.969031387439797554e-01,-6.491669178566203513e+00,3.312252485605609920e+00
-8.187940190297943177e-01,-6.279203369530632628e+00,3.127484953929593470e+00
-7.882890750228763732e-01,-6.193055672780451992e+00,3.029299053531302466e+00
-7.344700474161475201e-01,-6.024462207651580137e+00,2.831542097695717963e+00
-7.189639915208119181e-01,-5.969762137105994348e+00,2.715066024312497550e+00
-7.120772774302915886e-01,-5.943459890626052733e+00,2.731612822904058380e+00
-6.929879871337779607e-01,-5.863143429753999492e+00,2.631635836417482555e+00
-6.687031093791885317e-01,-5.676584594606612910e+00,2.738865709263480497e+00
-6.649085881066143511e-01,-5.593820277110118866e+00,2.784714753286523958e+00
-6.649085881066143511e-01,-5.593820277110118866e+00,2.784714753286523958e+00
-6.644766791543669227e-01,-5.565919939635924685e+00,2.799244217718837913e+00
-6.649259349163977317e-01,-5.509679427595534307e+00,2.831613762220503983e+00
-6.676459395007632303e-01,-5.424350729328967446e+00,2.878448176068034048e+00
-6.796915523168287621e-01,-5.279679967169380816e+00,2.950124415854241011e+00
-6.975046269372080499e-01,-5.162413138217871733e+00,3.002083653718785161e+00
-7.093330691816693845e-01,-5.103532940306878984e+00,3.028438463373182010e+00
-7.483865701570541207e-01,-4.956467587932493757e+00,2.942691281261454073e+00
-7.785238620995456049e-01,-4.873323178369932229e+00,2.982239979908146488e+00
-8.681775587721173304e-01,-4.697371803443489924e+00,2.786323263745225098e+00
-8.986084145271604484e-01,-4.652561773045504445e+00,2.668036000530353835e+00
-9.475892939646313184e-01,-4.592856521421355254e+00,2.565018468426958353e+00
-9.475892939646313184e-01,-4.592856521421355254e+00,2.565018468426958353e+00
-1.037235697114523125e+00,-4.508087614007297184e+00,2.492531165969989804e+00
-1.220132162912697105e+00,-4.404174120998120223e+00,2.333524357309209485e+00
-1.306574397259108622e+00,-4.377460559264676476e+00,2.245637102270857000e+00
-1.392701889362226497e+00,-4.363232916240778358e+00,2.158395887773889132e+00
-1.578627603222412912e+00,-4.370026679657372348e+00,2.000640305056304413e+00
-1.578627603222412912e+00,-4.370026679657372348e+00,2.000640305056304413e+00
-1.718642334627197510e+00,-4.405084519822739964e+00,1.813186114333704246e+00
-1.718642334627197510e+00,-4.405084519822739964e+00,1.813186114333704246e+00
-1.770240561608580787e+00,-4.428503182904744762e+00,1.865027125266111252e+00
-1.851457738294522759e+00,-4.473705972910615891e+00,1.805973132344128818e+00
-1.894955211084982105e+00,-4.504713127082873747e+00,1.723214545972808098e+00
-1.949008998782977731e+00,-4.547755715410981558e+00,1.676705495845256966e+00
-2.056706207019106891e+00,-4.630171426123675715e+00,1.756730887176483513e+00
-2.113276199555367718e+00,-4.666394551129995349e+00,1.550218033087603420e+00
-2.263376632879976480e+00,-4.738435250638077356e+00,1.783948295702238340e+00
-2.296924146425503910e+00,-4.751907153316754950e+00,1.835645024448568696e+00
-2.422642327137302320e+00,-4.796730380044165187e+00,1.974625831689760247e+00
-2.499506857544030236e+00,-4.821720632737017453e+00,2.054322104795299975e+00
-2.600194838402768660e+00,-4.852651685448990726e+00,2.163440504256112007e+00
-2.772848434895826220e+00,-4.901636257131993801e+00,2.332935694774659119e+00
-2.911329090173410350e+00,-4.938828636057463584e+00,2.464478835348058006e+00
-3.058478782931106643e+00,-4.973396197349247316e+00,2.592267572963968814e+00
-3.109219048797579266e+00,-4.984504120218733014e+00,2.620996823346795956e+00
-3.134857752278251919e+00,-4.989976257288462946e+00,2.639979544626409158e+00
-3.239850127976283467e+00,-5.009823440650237103e+00,2.707213845175078237e+00
-3.375508228139052047e+00,-5.030067881596191448e+00,2.795188053479042978e+00
-3.487215526376355346e+00,-5.042846645506972258e+00,2.849952602097664656e+00
-3.572693181735343781e+00,-5.050091309394870720e+00,2.872079430025253899e+00
-3.630208276475225038e+00,-5.053616283851473767e+00,2.895758520083732357e+00
-3.717502567104441269e+00,-5.057069038786915272e+00,2.944182404093373950e+00
-3.858896010948286825e+00,-5.053696413046377955e+00,2.715617026244012244e+00
-3.940584304668710569e+00,-5.046833511128955507e+00,2.768002950866883527e+00
-3.994199971914540903e+00,-5.040061848753056850e+00,2.502802950866883425e+00
-4.164315568857728245e+00,-5.001426241373680526e+00,2.477009566247879491e+00
-4.275166951146927019e+00,-4.959909131325036746e+00,2.267083459345288432e+00
-4.357476156740169415e+00,-4.918366431667196892e+00,2.189734730094384574e+00
-4.481647945498702157e+00,-4.830468000582034627e+00,2.164054996711258561e+00
-4.570985180107041579e+00,-4.740878711336053541e+00,2.110316251162515311e+00
-4.609005246241913767e+00,-4.692060542690596137e+00,2.015583304269209286e+00
-4.668760429769148068e+00,-4.589423859096771530e+00,1.968525533396304983e+00
-4.714987199097584458e+00,-4.476610063829008723e+00,1.775842046418956599e+00
-4.733880339820808025e+00,-4.386329966939748637e+00,1.719986784074039710e+00
-4.743282256497157512e+00,-4.296708531275274190e+00,1.805238543832607290e+00
-4.743048740239637517e+00,-4.204108180829138064e+00,1.730604312400090716e+00
-4.734982042885029330e+00,-4.131963292117845299e+00,1.802926684954350600e+00
-4.701479498083458886e+00,-3.982158194757908998e+00,1.957017858968730373e+00
-4.666787666416194469e+00,-3.889171390834996966e+00,1.894539744377840895e+00
-4.593456570371329484e+00,-3.760722152174259758e+00,1.603051545363268771e+00
-4.564223972893263870e+00,-3.719911124445989259e+00,1.521432053700162657e+00
-4.528274170981951841e+00,-3.673108596972464834e+00,1.314985998145179025e+00
-4.528274170981951841e+00,-3.673108596972464834e+00,1.314985998145179025e+00
-4.487015953590804074e+00,-3.618202962164518866e+00,1.418856509982609371e+00
-4.478599184350345652e+00,-3.606687383877553277e+00,1.450264385797001898e+00
-4.469915099403425351e+00,-3.594976166655789118e+00,1.474845986404873965e+00
-4.424505448651948392e+00,-3.532756913788229980e+00,1.623249343279780987e+00
-4.308184774823098806e+00,-3.376325526480894901e+00,1.937153506805927794e+00
-4.260134466363886041e+00,-3.313411167666466373e+00,2.043182121303993348e+00
-4.247597208980585570e+00,-3.297256383533322399e+00,2.069358208783937059e+00
-4.124457459192591990e+00,-3.145668063154167804e+00,2.291280302449268280e+00
-4.079478181488466859e+00,-3.092786177570755246e+00,2.359696630200557532e+00
-4.000432357274769757e+00,-3.002070716333183231e+00,2.472491961871138066e+00
-3.915152930528595920e+00,-2.909438445771247661e+00,2.582091999234444213e+00
-3.843475206338546890e+00,-2.833280242050092657e+00,2.665657678235914485e+00
-3.787188907640973934e+00,-2.775630785998117744e+00,2.723229837424868460e+00
-3.627121156593437146e+00,-2.620055867572620212e+00,2.873515171048146577e+00
-3.520320369497778046e+00,-2.521505019779791468e+00,2.958323579186075580e+00
-3.289364388864822963e+00,-2.324667720352607159e+00,3.122839487678566339e+00
-3.012755172030447071e+00,-2.107785657084101594e+00,3.272701365911618421e+00
-2.907105549761055840e+00,-2.029051557185578503e+00,3.331917275496000030e+00
-2.826010796715410667e+00,-1.970418049746731182e+00,3.360244901937951223e+00
-2.770901982471992486e+00,-1.931919960292775684e+00,3.377765649299068862e+00
-2.540803714344883613e+00,-1.783903174809382541e+00,3.470371744279395543e+00
-2.452352771407775744e+00,-1.731183649634741917e+00,3.365175943493035060e+00
-2.305634264394607058e+00,-1.647073322003383522e+00,3.423050207001197442e+00
-2.068404237811904522e+00,-1.517545685662320842e+00,3.387763013995217509e+00
-2.008303408128446765e+00,-1.486019464028973003e+00,3.417116662025564189e+00
-1.947547131471991211e+00,-1.454701738526787747e+00,3.435315638505525015e+00
-1.947547131471991211e+00,-1.454701738526787747e+00,3.435315638505525015e+00
-1.826446808056000792e+00,-1.394419337810652193e+00,3.346531017754692527e+00
-1.735571890379287607e+00,-1.350813047533185873e+00,3.243094713822733954e+00
-1.555903849771080871e+00,-1.270725589922679699e+00,3.330875230809576149e+00
-1.494439084814360941e+00,-1.244731888142021514e+00,3.358688717239963317e+00
-1.400940465531737011e+00,-1.206142974913001042e+00,3.401396252642567841e+00
-1.337732439498150683e+00,-1.180695708778238373e+00,3.428475465170843783e+00
-1.241548445043936244e+00,-1.143249249613809804e+00,3.460644498518422374e+00
-1.176617050021219413e+00,-1.118989930154304036e+00,3.487370068432730896e+00
-1.110948465536949703e+00,-1.095198162011847165e+00,3.511387799692672562e+00
-8.749565418854983179e-01,-1.017948818415886914e+00,3.592127068554480829e+00
-6.012201403130468247e-01,-9.395415095866890276e-01,3.401930451424667545e+00
-4.687168678030589342e-01,-9.055098256851761285e-01,3.458987655118391569e+00
-6.202069510630897620e-02,-8.120349299693192524e-01,3.452873995650753702e+00
1.048165576641575947e-01,-7.818968017744045707e-01,3.376584676068584479e+00
4.100624384889539620e-01,-7.358470390551811180e-01,3.498503490749938383e+00
5.792666819518714760e-01,-7.160938947564385870e-01,3.420337188536851425e+00
7.505476196079445828e-01,-7.015679889189387897e-01,3.474484205108009149e+00
7.505476196079445828e-01,-7.015679889189387897e-01,3.474484205108009149e+00
9.604497355273260428e-01,-6.898325486124400330e-01,3.550767015432876761e+00
1.430201505583994948e+00,-6.889601050638840540e-01,3.689332645398526900e+00
1.615453434686813461e+00,-6.960277856628637183e-01,3.741148551793422428e+00
1.727596981712051338e+00,-7.017854268259765549e-01,3.763386061640506597e+00
1.876875909885431071e+00,-7.120188778620410996e-01,3.655552857179671378e+00
1.949743860055644040e+00,-7.186107984313319097e-01,3.677197506449903397e+00
2.022892568832155291e+00,-7.266829193874687620e-01,3.698405795081905811e+00
2.133205585819237804e+00,-7.404503754714085728e-01,3.586713286799457556e+00
2.448242259694969558e+00,-7.934980953650458968e-01,3.408156142659364729e+00
2.647477248053347942e+00,-8.346104404587268988e-01,3.349631699501236515e+00
2.812299345075167878e+00,-8.709290276244863183e-01,3.419644012453837423e+00
3.136364739514224009e+00,-9.512100204642662815e-01,3.276249502432302840e+00
3.319962927584765744e+00,-1.005571771960495076e+00,3.223087928356591636e+00
3.506003158021167021e+00,-1.065882736933102093e+00,3.312486874867996978e+00
3.600250294832012088e+00,-1.098454733314155662e+00,3.352771432950279351e+00
4.018022702489949083e+00,-1.254438086973662436e+00,3.520635213913485551e+00
4.214535043131019343e+00,-1.336489614106064927e+00,3.593735363120486248e+00
4.380085152331276710e+00,-1.409049570354167225e+00,3.651304231877176676e+00
4.782050785764257128e+00,-1.601265489259315000e+00,3.785238161202337359e+00
5.153985379343338558e+00,-1.799945073925447225e+00,3.894717050616917753e+00
5.494914853976035296e+00,-1.996486417117205425e+00,3.845566740909554415e+00
5.660321409084643207e+00,-2.096305767153093580e+00,3.751672084646360261e+00
5.930660625969594868e+00,-2.277935657545924641e+00,3.424092406409744438e+00
5.958394800912859779e+00,-2.297959474166050509e+00,3.438206358294915610e+00
5.986178333862984147e+00,-2.318152860524562264e+00,3.305606358294915559e+00
6.092727550879318166e+00,-2.397302326107755288e+00,3.358744542080259965e+00
6.328740581067067161e+00,-2.575217559279191271e+00,3.347122372033907389e+00
6.482583603461932853e+00,-2.694012742762089907e+00,3.142689153316329698e+00
6.605365879868376311e+00,-2.794193424314266316e+00,3.209394118562714393e+00
6.800908452312518726e+00,-2.965969226386865998e+00,3.318762388050406464e+00
6.850115291908543291e+00,-3.010712026279658726e+00,3.345856091046842451e+00
6.899447383331143158e+00,-3.056120741356187054e+00,3.374754125543902195e+00
6.998413043357269991e+00,-3.149028005066251357e+00,3.428455623287771648e+00
7.214905724408828824e+00,-3.366111874795030268e+00,3.394101180792331363e+00
7.307089110855536696e+00,-3.466767915129196798e+00,3.447080127815279393e+00
7.416516740261003271e+00,-3.593887719012144100e+00,3.369047663655168279e+00
7.498676369251874085e+00,-3.695968310461391848e+00,3.276649036447345065e+00
7.734817552149372943e+00,-4.058479397044703063e+00,3.405494419986437205e+00
7.844513891197737010e+00,-4.272212601899785689e+00,3.488225659750350705e+00
7.924580348954138209e+00,-4.458842980773370712e+00,3.406275567504397195e+00
8.014547400419136380e+00,-4.718179971050728838e+00,3.496194173453214926e+00
8.080187091786342535e+00,-4.955511184733988550e+00,3.567028685470228222e+00
8.110794937256208925e+00,-5.095033454464131140e+00,3.601922512603945137e+00
8.130445532633144623e+00,-5.201394006070771958e+00,3.634638578918246932e+00
8.147399808457077341e+00,-5.309222201349319548e+00,3.667511060479279994e+00
8.173092710651850723e+00,-5.528540203690764265e+00,3.719837112486903408e+00
8.184107995908524558e+00,-5.677122716538066882e+00,3.755592308341554109e+00
8.191149435335615792e+00,-5.863837383120007019e+00,3.662022949560054030e+00
8.189711238907239732e+00,-6.009128333759652385e+00,3.564661942702158193e+00
8.187204825456282364e+00,-6.080295905499968789e+00,3.590754093882281506e+00
8.184259526731359813e+00,-6.150523850450857033e+00,3.325554093882281403e+00
8.174570850130761457e+00,-6.348180265595263272e+00,3.243214781412881997e+00
8.174570850130761457e+00,-6.348180265595263272e+00,3.243214781412881997e+00
8.173741071794728086e+00,-6.413278308799789329e+00,3.119354480240761784e+00
8.173741071794728086e+00,-6.413278308799789329e+00,3.119354480240761784e+00
8.188543197262687201e+00,-6.629375524235673112e+00,2.919772700634987395e+00
8.196968013125724539e+00,-6.687859214793830276e+00,2.804844427486895775e+00
8.231471154256428946e+00,-6.929739552126548574e+00,2.631651321900092544e+00
8.212318137173943100e+00,-7.288742050296598940e+00,2.494486963293130355e+00
8.199323194917191415e+00,-7.336495084431443381e+00,2.378357511334613594e+00
8.167285190852165755e+00,-7.425717580485580172e+00,2.308162350792287931e+00
8.103068982752676064e+00,-7.568082371990392687e+00,2.128658944929077368e+00
8.038213763433578407e+00,-7.716002342217642251e+00,1.778934837437068373e+00
7.996607107791606772e+00,-7.873232196696697827e+00,1.739644748337449753e+00
7.990687460651665575e+00,-8.029378452438379554e+00,1.582312331296162000e+00
7.994251884319165669e+00,-8.062262555714909240e+00,1.629069699007335892e+00
8.009615414604743577e+00,-8.159465409644033329e+00,1.646041484794128706e+00
8.033464048866285623e+00,-8.312156545603340163e+00,1.398612928249144405e+00
8.031858081874807098e+00,-8.408067513312797558e+00,1.380386861468744675e+00
8.031858081874807098e+00,-8.408067513312797558e+00,1.380386861468744675e+00
7.987012593730543841e+00,-8.563624329793606549e+00,1.455849334448534149e+00
7.953888416467916223e+00,-8.627831346127893042e+00,1.441966107533039665e+00
7.940394234793076933e+00,-8.652830454199284205e+00,1.340996012450093700e+00
7.893571400995482712e+00,-8.753015796267733961e+00,1.418009864986563562e+00
7.876902808721577998e+00,-8.803873569451088343e+00,1.362887542629319437e+00
7.859847943547091376e+00,-8.930141502393826869e+00,1.427978516290000721e+00
7.859926071831136341e+00,-8.944755858784040115e+00,1.295378516290000670e+00
7.860680252513703614e+00,-8.958117274393536889e+00,1.162778516290000619e+00
7.862030442418564746e+00,-8.970195057332894351e+00,1.030178516290000568e+00
7.865926902803925813e+00,-9.014604224275885258e+00,1.170676145567642434e+00
7.866452713687605680e+00,-9.026461754388408920e+00,1.038076145567642383e+00
7.866889981220558603e+00,-9.036967519494682577e+00,1.071851287888976989e+00
7.866266340893024456e+00,-9.077035141857548339e+00,1.038306210262596396e+00
7.865507942577249167e+00,-9.087396524847587642e+00,9.057062102625963451e-01
7.864413923237899340e+00,-9.096386833555545337e+00,9.379577581888236537e-01
7.859706138576506795e+00,-9.125054880395094159e+00,1.026204477170802987e+00
7.854951429066385771e+00,-9.145436706974390262e+00,1.087861801169840215e+00
7.838165959810450723e+00,-9.191076962053555732e+00,9.250527187075644475e-01
7.825431540138253261e+00,-9.224994234262824833e+00,9.021195389426226452e-01
7.812304664566647183e+00,-9.266982942152337088e+00,9.250139454483020662e-01
7.804154315569354239e+00,-9.301858334968800435e+00,8.996775082970877024e-01
7.795538030600175361e+00,-9.349672432742060835e+00,1.077863133972417398e+00
7.785751620423390307e+00,-9.405605907816495304e+00,1.233995075824680265e+00
7.779122848022394621e+00,-9.442689502323911910e+00,1.319214125337661692e+00
7.756674508210332775e+00,-9.554332065867711776e+00,1.566243964812453537e+00
7.728544617397025362e+00,-9.685147479484401245e+00,1.804675141500981406e+00
7.687175043546468522e+00,-9.873705802902136952e+00,2.079449909361607229e+00
7.637904495444049147e+00,-1.010969448490569178e+01,2.203946821031332881e+00
7.593606424108971353e+00,-1.031078395453987362e+01,2.388961293109812534e+00
7.549029073175836047e+00,-1.049705815760533412e+01,2.413498998850323485e+00
7.505339072308786719e+00,-1.069163763419838453e+01,2.586682264196631831e+00
7.452534586939539629e+00,-1.092572421733243004e+01,2.765219077490626454e+00
7.440357525502686364e+00,-1.097988769212178184e+01,2.806293735088570607e+00
7.352853589435915715e+00,-1.134953460251493240e+01,3.051310009638197318e+00
7.290319264036498659e+00,-1.160686346775833577e+01,2.920086056254988627e+00
7.209264138050087922e+00,-1.198905363400617929e+01,3.002885634943919246e+00
7.190938985684228513e+00,-1.207782962941329963e+01,2.907937766704175697e+00
7.151790342830678604e+00,-1.225050833740867873e+01,3.011322192902462724e+00
7.123265808445212066e+00,-1.236869521783478021e+01,3.084906968899533641e+00
7.123265808445212066e+00,-1.236869521783478021e+01,3.084906968899533641e+00
7.075477122421201415e+00,-1.257536543164093068e+01,2.907891685092693912e+00
7.034847526801065953e+00,-1.277859997246720170e+01,3.025836294100410218e+00
6.989827126817771408e+00,-1.301979735474910704e+01,2.986863696937743562e+00
6.967710988765166924e+00,-1.313834129896990710e+01,2.910216600193839209e+00
6.944945520426215602e+00,-1.325366813502338381e+01,2.977692949331789407e+00
6.893190966289950872e+00,-1.351682923748664145e+01,2.969328807648560442e+00
6.872790469431799387e+00,-1.363473910593911853e+01,3.031293628001950236e+00
6.836267106799974513e+00,-1.387056969563446529e+01,2.879763402407856887e+00
6.827382411602278545e+00,-1.392767039053950384e+01,2.906166809280588126e+00
6.802844743882599410e+00,-1.407281968694126029e+01,2.992253836167679371e+00
6.778007186608240531e+00,-1.422202181380992769e+01,3.078601916095912827e+00
6.773231975894941748e+00,-1.425243516971442581e+01,3.096402478885674103e+00
6.758699835522244292e+00,-1.434169372459413871e+01,3.002243838625560990e+00
6.744224975220919127e+00,-1.443101853872353502e+01,3.043978576953866533e+00
6.690016540307396120e+00,-1.480265675417807181e+01,3.233565824583870096e+00
6.644813998166105407e+00,-1.512925981221261651e+01,3.372554619189954916e+00
6.610154966400072496e+00,-1.540076456496196400e+01,3.484855361845137001e+00
6.588903834736341558e+00,-1.557503260629284547e+01,3.547527496820873427e+00
6.560180932453639535e+00,-1.582420791951950534e+01,3.629799323963401658e+00
6.545790312235593156e+00,-1.596921183720146864e+01,3.671244418840252433e+00
6.529583520956994569e+00,-1.615282917295130005e+01,3.720101357442678669e+00
6.514004919282069928e+00,-1.633361544242124808e+01,3.631391443092735205e+00
6.501391300289601993e+00,-1.647908026234003742e+01,3.681764323212856738e+00
6.475399020333279410e+00,-1.684365165184963686e+01,3.645662159324603468e+00
6.463242598700804642e+00,-1.713263828334889283e+01,3.455560661641381870e+00
6.450910200936776029e+00,-1.744789216957610378e+01,3.571014872638026638e+00
6.443662104219824549e+00,-1.772718693513939670e+01,3.536843093542603622e+00
6.441180161274158600e+00,-1.786921883179733683e+01,3.582485067189411954e+00
6.440185622882093952e+00,-1.794097454846606610e+01,3.606739425104976693e+00
6.439716402458467215e+00,-1.797703783604141492e+01,3.612764401946451542e+00
6.438259968984526793e+00,-1.823239718592090242e+01,3.692775752831418234e+00
6.439109043219644946e+00,-1.830636372491438735e+01,3.715978266825221255e+00
6.442433117912993445e+00,-1.845546305597492776e+01,3.747093740491311831e+00
6.446937420142394792e+00,-1.864387447260023123e+01,3.659793950168976018e+00
6.451014973604595859e+00,-1.879088431661491043e+01,3.703686680096551775e+00
6.451014973604595859e+00,-1.879088431661491043e+01,3.703686680096551775e+00
6.451014973604595859e+00,-1.879088431661491043e+01,3.703686680096551775e+00
6.457257150629828857e+00,-1.916208641775858368e+01,3.677890171734902847e+00
6.463450369247031979e+00,-1.937736969041884194e+01,3.606369552351336161e+00
6.471585849860935546e+00,-1.959535701609327774e+01,3.674766295840564467e+00
6.481888386603846364e+00,-1.989201287747350122e+01,3.758829569584305474e+00
6.492146120743197635e+00,-2.015726243326672673e+01,3.693164639818071304e+00
6.501911228533174381e+00,-2.041788109726222444e+01,3.767945010705779474e+00
6.507426196001774521e+00,-2.063980986425356079e+01,3.687145570851359189e+00
6.509709925013333454e+00,-2.082513625733056628e+01,3.733362972768013321e+00
6.507806966563922657e+00,-2.105062162130565540e+01,3.792891199933933866e+00
6.503175937463090861e+00,-2.124100829966275938e+01,3.695298850810172731e+00
6.486594519197525166e+00,-2.153719964841200252e+01,3.630461625363105682e+00
6.463397614955939119e+00,-2.175230320000116180e+01,3.553172679207686535e+00
6.423492368324879465e+00,-2.199631837230202791e+01,3.480608820961630379e+00
6.367582770021130045e+00,-2.222771867587170647e+01,3.401369321961537295e+00
6.338201629250654889e+00,-2.232541744889318380e+01,3.429797679400380606e+00
6.305330398816216153e+00,-2.242139697495690953e+01,3.320340539289018178e+00
6.241940953009531334e+00,-2.257068130933506822e+01,3.237562335291494175e+00
6.183756630338258731e+00,-2.268629388142847958e+01,3.276537202699053797e+00
6.152234890717402926e+00,-2.274352689477681722e+01,3.155780962827662961e+00
6.010001813097763268e+00,-2.294905535829848375e+01,3.110262835872218190e+00
5.865226762547473882e+00,-2.309719885909847292e+01,2.907565243839695945e+00
5.774390815618155592e+00,-2.316972267913514116e+01,2.951678594652649590e+00
5.523870372632780246e+00,-2.331205114267722678e+01,2.792150135597627258e+00
5.419662081074842597e+00,-2.334798147515062894e+01,2.700192144973148523e+00
5.211313050738069386e+00,-2.337969832648418844e+01,2.511669720191469946e+00
4.998739974104939421e+00,-2.334092806607100101e+01,2.170200155131368103e+00
4.869871263303743092e+00,-2.327364221808646150e+01,1.931370152513375071e+00
4.743181099388925404e+00,-2.315683253090330851e+01,1.762412897395724931e+00
4.690862242404767457e+00,-2.308250274259087220e+01,1.708876651360393017e+00
4.665558387579721966e+00,-2.303711892780172121e+01,1.624979762014142182e+00
4.629235448601466629e+00,-2.296672040400568093e+01,1.442031751943180451e+00
4.622843179667559532e+00,-2.295352357580434344e+01,1.471534264785400614e+00
4.604932508482367126e+00,-2.291510099717882554e+01,1.398194021188359448e+00
4.563648885934878052e+00,-2.283459928750352930e+01,1.306803835189875862e+00
4.538784204660399446e+00,-2.279195109042790435e+01,1.279363612702314024e+00
4.519295703289574639e+00,-2.276176527261416638e+01,1.200163281018173045e+00
4.490141693838265446e+00,-2.272104870517988218e+01,1.332212347751424053e+00
4.448102596948521281e+00,-2.266670177365388028e+01,1.447449779129791558e+00
4.409391961418583250e+00,-2.262089556265272350e+01,1.567006938027874163e+00
4.366650675606813969e+00,-2.257267844460300310e+01,1.672709972778066101e+00
4.322876384937798910e+00,-2.252578779133436626e+01,1.631294004771623563e+00
4.267861901406427627e+00,-2.246772233457508250e+01,1.623955754653346295e+00
4.214298370062006249e+00,-2.240896244177553953e+01,1.619253313004484607e+00
4.172918982113781539e+00,-2.236094475048940211e+01,1.581790119438188480e+00
4.134245175428171493e+00,-2.231262225343032668e+01,1.543404545770994174e+00
4.095996233251116614e+00,-2.226201978292676387e+01,1.644703337737559945e+00
4.046101912716864923e+00,-2.219288533570704303e+01,1.788778724748711690e+00
4.004614032170557003e+00,-2.213241503159805745e+01,1.898949491949348367e+00
3.951281315823536033e+00,-2.205048114781753910e+01,2.028068065304855505e+00
3.951281315823536033e+00,-2.205048114781753910e+01,2.028068065304855505e+00
3.886831397137467281e+00,-2.194263846522229500e+01,2.172842580671880519e+00
3.819711859028583234e+00,-2.182661376817711840e+01,2.308469624333746584e+00
3.762570263483807409e+00,-2.172359154320378849e+01,2.409888491786561726e+00
3.692820929204734259e+00,-2.159298519422911511e+01,2.544757717467245772e+00
3.680909087843156069e+00,-2.157049510434415041e+01,2.566612704027097180e+00
3.632988984342774064e+00,-2.147831508805136025e+01,2.648368252186882987e+00
3.584992685351459762e+00,-2.138245078533397603e+01,2.731624347973087730e+00
3.548780490258265807e+00,-2.130826511652039557e+01,2.790873557934120619e+00
3.512478209223762970e+00,-2.123217094977760055e+01,2.848750640214409380e+00
3.464049874043098054e+00,-2.112795599489343346e+01,2.915357216391754491e+00
3.405083230885198375e+00,-2.099266445114864865e+01,3.005184594068409432e+00
3.360334494556944662e+00,-2.088319039272002797e+01,2.928137311292253298e+00
3.349657430225238208e+00,-2.085592552144877132e+01,2.946958599717044436e+00
3.287445827177194690e+00,-2.069386920836273802e+01,2.759431006432216726e+00
3.287445827177194690e+00,-2.069386920836273802e+01,2.759431006432216726e+00
3.245372440335053454e+00,-2.059061390571762828e+01,2.833687827138877235e+00
3.198536511436992580e+00,-2.048612657928708458e+01,2.903686595973677953e+00
3.161881768466896947e+00,-2.040805798061047582e+01,2.809673988165417136e+00
3.124470623584801210e+00,-2.033172475808778046e+01,2.718463314987558110e+00
3.079658102694479371e+00,-2.023642641706757317e+01,2.640797826777909307e+00
3.042116122473760065e+00,-2.014126805477580362e+01,2.562038790272525457e+00
3.004556743677762931e+00,-2.001616545559960514e+01,2.654047866398139721e+00
2.982279430789279928e+00,-1.991506919271750320e+01,2.589662334501390717e+00
2.977224303616834877e+00,-1.988955514120087287e+01,2.611969388308352791e+00
2.963040695472229924e+00,-1.981481462994245746e+01,2.516339447679797114e+00
2.942287473552838151e+00,-1.971681694022855424e+01,2.435071597790308129e+00
2.894024296196716861e+00,-1.955598257201287282e+01,2.243373536728934248e+00
2.845350762213789686e+00,-1.945156740333588985e+01,2.177019645143785542e+00
2.833963611844918962e+00,-1.943245770897597779e+01,2.199212634570337332e+00
2.797323998876330542e+00,-1.937527156313102594e+01,2.264533280330180531e+00
2.759135284842005653e+00,-1.932082547549573803e+01,2.179028488010610332e+00
2.662925995370390986e+00,-1.918105896948283018e+01,2.024078656357243489e+00
2.613217657309855557e+00,-1.909441325448652549e+01,1.957084337889697156e+00
2.573262151443963752e+00,-1.900258975933749284e+01,2.034691320683706728e+00
2.535250134349697149e+00,-1.883882258344971206e+01,2.001024851458025999e+00
2.528722887413402454e+00,-1.872182924706128659e+01,1.840038923067375265e+00
2.513829603056407791e+00,-1.854531635331771611e+01,1.613107638878660488e+00
2.461147691395618065e+00,-1.836503639391438014e+01,1.692237960556431720e+00
2.437651628031928919e+00,-1.831831245720540124e+01,1.746212843759243016e+00
2.413433838615204774e+00,-1.827341261962983765e+01,1.509746101750117475e+00
2.390110180233170567e+00,-1.823257588984391475e+01,1.441515524704627627e+00
2.362219665116856770e+00,-1.817957218194391089e+01,1.401110769884832852e+00
2.362219665116856770e+00,-1.817957218194391089e+01,1.401110769884832852e+00
2.339091539393589159e+00,-1.812665123619804675e+01,1.512971255994151276e+00
2.320776119049722919e+00,-1.807049521668515624e+01,1.461790284216020197e+00
2.313892790600346583e+00,-1.804157472733216494e+01,1.514881500658085800e+00
2.307671662905555365e+00,-1.799817424157261669e+01,1.439907818892710356e+00
2.301888681506358392e+00,-1.794134490837263485e+01,1.402864897361638885e+00
2.293285707152461939e+00,-1.787117847676077531e+01,1.400424835676236990e+00
2.278767661031095404e+00,-1.780447726989370594e+01,1.393192131503623754e+00
2.266020111534086556e+00,-1.776370500240179240e+01,1.478017573687361752e+00
2.226065422248818759e+00,-1.766185702189962825e+01,1.658525962088965189e+00
2.194230351138267920e+00,-1.758858388492286196e+01,1.488336748724800263e+00
2.171757033797328873e+00,-1.753138498338176277e+01,1.611923042720450949e+00
2.157225402455098529e+00,-1.748773059646919492e+01,1.539291195138917434e+00
2.141236291761277943e+00,-1.742630984356888035e+01,1.494521709710090906e+00
2.131860268978998274e+00,-1.738131221715017460e+01,1.586026930030927984e+00
2.119627265866824484e+00,-1.732029548090606852e+01,1.549628790431514913e+00
2.110526236873011108e+00,-1.727529538894586381e+01,1.481380200557376847e+00
2.075616163546918802e+00,-1.715392218421541415e+01,1.694645821115802642e+00
2.046598725674700248e+00,-1.707279382355740793e+01,1.679796201704832015e+00
2.016834974992957719e+00,-1.699262752184792546e+01,1.669487967691757779e+00
1.980784796746803966e+00,-1.688328677227683627e+01,1.708258475712380431e+00
1.971650442148876969e+00,-1.685003256959917906e+01,1.766419456447006819e+00
1.937338927197952643e+00,-1.671270510728323089e+01,1.677892459868985275e+00
1.907557034439949284e+00,-1.659748968531676638e+01,1.726506170007982233e+00
1.842118860294980953e+00,-1.640381555133271618e+01,1.853845325551056522e+00
1.785835850899262445e+00,-1.624435808997796826e+01,1.925991717204177611e+00
1.754074273213290347e+00,-1.613225731805576757e+01,1.931265457922568984e+00
1.729627538369492123e+00,-1.603918985141501707e+01,1.912888087813715110e+00
1.709412616096825044e+00,-1.596526811092991416e+01,1.865887273984596639e+00
1.653342663005413771e+00,-1.579935476263687733e+01,1.932193417896602483e+00
1.564588698169519843e+00,-1.556639398290745469e+01,1.966430214897165740e+00
1.545706536324457980e+00,-1.550961722567284440e+01,2.036309526608152787e+00
1.520134052911030098e+00,-1.543054551919004957e+01,2.118551967612957831e+00
1.440016673876084008e+00,-1.518912404885350931e+01,2.118562276447731207e+00
1.375039437631190964e+00,-1.502522200479624104e+01,2.304672346748778189e+00
1.329119617123218244e+00,-1.491747283144442626e+01,2.405075451372465700e+00
1.309963908824176793e+00,-1.487307716646427558e+01,2.436550138018478417e+00
1.300309782423047178e+00,-1.485070073452712691e+01,2.455580218726560293e+00
1.220535665018696481e+00,-1.466432575328388310e+01,2.628450903055607135e+00
1.177309313198054985e+00,-1.456743861686401331e+01,2.686193715316596009e+00
1.018120520603426060e+00,-1.424121299394866824e+01,2.904068113331494949e+00
9.077135031154603961e-01,-1.403203051796799805e+01,3.031087376234050890e+00
7.394113026699008495e-01,-1.373375937514601652e+01,3.211526089673547357e+00
6.045688294312688837e-01,-1.351048916831125268e+01,3.327785243510901658e+00
4.442426139892069470e-01,-1.325189710594272974e+01,3.451664185593402046e+00
2.553361549154003485e-01,-1.295580387395979827e+01,3.585374349319734755e+00
7.706106176152699438e-02,-1.268176954596958339e+01,3.693029050942532976e+00
-2.461378376245192123e-02,-1.252646913436980469e+01,3.745314660037461163e+00
-1.054899825883872100e-01,-1.240464608844196626e+01,3.651679628321435889e+00
-2.027019053039307295e-01,-1.225570726265792487e+01,3.560642621154931575e+00
-3.750293354510121357e-01,-1.198083640554234997e+01,3.664198885861388089e+00
-5.084565768895712434e-01,-1.175930673816677441e+01,3.735911822177193198e+00
-6.738149199981775528e-01,-1.146279498983074419e+01,3.825857761582661887e+00
-8.341629773338947729e-01,-1.115441430603296347e+01,3.768753670649641396e+00
-9.935099278624285324e-01,-1.080894601279230116e+01,3.858325924877791024e+00
-1.090017545193819215e+00,-1.056398501844744509e+01,3.783840940108949447e+00
-1.140884915854784243e+00,-1.042104875284999110e+01,3.822098933320909886e+00
-1.289030392808876657e+00,-9.900535660097640189e+00,3.933275558017517604e+00
-1.350349235076874876e+00,-9.590472924989928316e+00,3.852517121353141949e+00
-1.387328412901713381e+00,-9.288635495353565474e+00,3.783146246661976964e+00
-1.397012272623542106e+00,-8.807574796275892126e+00,3.483022663704389732e+00
-1.395150364288528122e+00,-8.772945747171020159e+00,3.496860810629760064e+00
-1.381846687690083897e+00,-8.570868726258082049e+00,3.293375439515894509e+00
-1.364416171184501092e+00,-8.372144801625751143e+00,3.374233936529498212e+00
-1.312316713604526841e+00,-7.946872554947422174e+00,3.132146816914957999e+00
-1.270626758370027476e+00,-7.728914782569140662e+00,3.225438592496481238e+00
-1.263766792844039921e+00,-7.697402946415207836e+00,3.240327946561567085e+00
-1.249507152387918207e+00,-7.634039124220092454e+00,3.272207717429056917e+00
-1.179300932317770778e+00,-7.342816096917834656e+00,3.399096437933622372e+00
-1.102824461517402321e+00,-7.078276845726914956e+00,3.500036301087926738e+00
-9.912052416419059320e-01,-6.750944430880505998e+00,3.332164715711315228e+00
-8.868410940749715810e-01,-6.471884465364062144e+00,3.177910868865289284e+00
-7.591938206304296166e-01,-6.124619259098031954e+00,2.930766908707661322e+00
-6.891986727918624211e-01,-5.880797352858743388e+00,2.780662842738351959e+00
-6.601021972938574400e-01,-5.692041205325817366e+00,2.738245200765406562e+00
-6.517343785008709034e-01,-5.468442203591677320e+00,2.863959355314933841e+00
-6.788531612165212836e-01,-5.177225042134899091e+00,3.001823119591474409e+00
-7.021520650154947640e-01,-5.058939862859041625e+00,3.044891302093905239e+00
-7.755358436446876391e-01,-4.824874088009670992e+00,3.121144525506478473e+00
-8.142739571899305639e-01,-4.742725263923674994e+00,3.013105035104955753e+00
-8.428251741142741560e-01,-4.691455224485943099e+00,2.747905035104955651e+00
-8.893619053978731870e-01,-4.623436128997250982e+00,2.788478338883570551e+00
-9.576726831889590397e-01,-4.539094767122542784e+00,2.695883279851833958e+00
-1.183897251446238919e+00,-4.366636742210173949e+00,2.402651320086421460e+00
-1.389671352881463484e+00,-4.305633643067739769e+00,2.375664217690662383e+00
-1.413199500344425541e+00,-4.302178642786656404e+00,2.387541287988137473e+00
-1.508007582957345605e+00,-4.296095879313067023e+00,2.290778960088907912e+00
-1.686761246332724173e+00,-4.322016824842481952e+00,2.097912016755093756e+00
-1.859342397314826867e+00,-4.398629699288546746e+00,1.932887114338044610e+00
-2.052012447935139594e+00,-4.556934492334628217e+00,1.787248969530913500e+00
-2.120749050031384808e+00,-4.616230392719899989e+00,1.749388308931133507e+00
-2.291506010899237111e+00,-4.727262796884819096e+00,1.846902258254063067e+00
-2.413643645501523771e+00,-4.783898934194186658e+00,2.000654081405682128e+00
-2.579720236216734186e+00,-4.842464743189093923e+00,1.896378474941534664e+00
-2.673162042498903546e+00,-4.870836287120296149e+00,2.004886145265693642e+00
-2.833760118837003628e+00,-4.916606675509274105e+00,2.184823290898452619e+00
-2.942109899113328098e+00,-4.944200630420897191e+00,2.306382453924420428e+00
-3.152550411140940145e+00,-4.992631734494209717e+00,2.509818792797060105e+00
-3.271835670344125369e+00,-5.016094327639928352e+00,2.454380355681391013e+00
-3.572245753068878038e+00,-5.054529435623000388e+00,2.516946041402995604e+00
-3.752152053432059819e+00,-5.060082981599959950e+00,2.621764981910059689e+00
-3.831438063562692342e+00,-5.057883137672191332e+00,2.525263043007805575e+00
-4.086919354739526611e+00,-5.022055086436395754e+00,2.552361069008778571e+00
-4.254336510525953408e+00,-4.970253534107573756e+00,2.373160782382535139e+00
-4.479051064427216566e+00,-4.840578506203940812e+00,2.263878446679430834e+00
-4.647816065577543121e+00,-4.660572987009834023e+00,2.281225927199423076e+00
-4.710209583673453437e+00,-4.546999099300620628e+00,2.084457126741478206e+00
-4.734696098733524039e+00,-4.487796904751474969e+00,1.985473295707524066e+00
-4.746311575731702703e+00,-4.448614565074023197e+00,2.019360061390854000e+00
-4.777713113731828720e+00,-4.205934291076463438e+00,2.050894482239081551e+00
-4.757553074094720280e+00,-4.045422541251765480e+00,2.026607605309960647e+00
-4.681447532320873073e+00,-3.829440443193997456e+00,1.893091306954525432e+00
-4.547301218964663327e+00,-3.638714518176919377e+00,1.839003250213103735e+00
-4.448816832775500885e+00,-3.527897589866431982e+00,1.740368926473096600e+00
-4.368912076109082498e+00,-3.431694747193039685e+00,1.789553618477264241e+00
-4.233916784709799153e+00,-3.254175299620436057e+00,1.804687112044359720e+00
-4.124647245829975439e+00,-3.122068572625983585e+00,2.019388051728863154e+00
-4.055984797782686613e+00,-3.044545831903960220e+00,2.143952610643402590e+00
-3.917302989226885135e+00,-2.897559925539592740e+00,2.364176644408972461e+00
-3.814540312621226725e+00,-2.794975699121977630e+00,2.492137021505173688e+00
-3.626862830832970008e+00,-2.617223191245416025e+00,2.698606966393456652e+00
-3.484509266730500432e+00,-2.487011677673895527e+00,2.830950190747496098e+00
-3.484509266730500432e+00,-2.487011677673895527e+00,2.830950190747496098e+00
-3.377085036205837110e+00,-2.392878475454319531e+00,2.895509876664503768e+00
-3.309881708027393010e+00,-2.336976190107784568e+00,2.948970283839594586e+00
-3.169299715791781491e+00,-2.225645170322246180e+00,3.044789669342152560e+00
-3.096456308794102164e+00,-2.169815300099180000e+00,3.089533804425543373e+00
-2.971626566389462987e+00,-2.076139074022753217e+00,3.170051363386745535e+00
-2.868278051476867763e+00,-2.001179748130522906e+00,3.228647868472019677e+00
-2.650764792054610020e+00,-1.854779843517619264e+00,3.340918870891700809e+00
-2.390128210106545747e+00,-1.696192551089579226e+00,3.441507361107380536e+00
-2.116363311714424267e+00,-1.541999074667239400e+00,3.550425350250133949e+00
-1.828711979825476730e+00,-1.394297098236808807e+00,3.641365131161129032e+00
-1.527762953480132468e+00,-1.255295655475477723e+00,3.738227775693726329e+00
-1.424339258787962192e+00,-1.211300567095046965e+00,3.762252559776313898e+00
-1.034048771779329634e+00,-1.059658457506319928e+00,3.858873168471595783e+00
-5.889220745646461808e-01,-9.163687256262259551e-01,3.950887239445888710e+00
-4.516266007773117597e-02,-7.843554876689572408e-01,4.058452614241060630e+00
2.755306781840199393e-01,-7.246790381610318521e-01,3.973324230074261720e+00
