2.577722930072069984e-01,-3.146001014265916839e-03,7.221140754154306007e-01
3.261500836229950795e-01,-9.698306735572037596e-03,1.025216298481759658e+00
3.808124550001511510e-01,-1.563407656391738523e-02,1.203220528995699423e+00
4.307741465851330220e-01,-2.145719424239911355e-02,1.339625711101364747e+00
4.860258635641792058e-01,-2.837492361955779030e-02,1.470915590904910086e+00
5.621910815937793959e-01,-3.870235992779537393e-02,1.628126095748692936e+00
6.281468671529952807e-01,-4.850501296161748022e-02,1.730093410806941900e+00
6.986593962594591645e-01,-5.709472268658916105e-02,1.850002601779661804e+00
8.135748694326441210e-01,-6.781205356086025815e-02,2.023956011700373647e+00
8.957095790091771370e-01,-7.700706542304887325e-02,2.135195726478491096e+00
1.004517423009398724e+00,-8.888069817375807147e-02,2.268263167535420788e+00
1.096226551636874991e+00,-9.909542549958058610e-02,2.369807693736019072e+00
1.191870622469239471e+00,-1.101599488738400218e-01,2.468077770912309177e+00
1.316762986030975302e+00,-1.250560696914088388e-01,2.585563997567618344e+00
1.420762925334036364e+00,-1.378758925541857527e-01,2.675680820214687117e+00
1.555541689388513005e+00,-1.555199363519555733e-01,2.782541483447741992e+00
1.667017142429090049e+00,-1.707661832267414470e-01,2.863675135458310539e+00
1.810800434036190509e+00,-1.907381502363899028e-01,2.960703837935299898e+00
1.959200118590563422e+00,-2.120844581529784945e-01,3.052044567443217282e+00
2.080960528565447998e+00,-2.306155061708365928e-01,3.121429334226386576e+00
2.236713293283568937e+00,-2.559044538685172343e-01,3.205087028990120768e+00
2.364142139696677969e+00,-2.771217352381800114e-01,3.268438608201915674e+00
2.526778982246095318e+00,-3.048350906160616214e-01,3.343749088729897068e+00
2.659309496354884672e+00,-3.285621448138012490e-01,3.398866752051399764e+00
2.827399953653607412e+00,-3.618487190743662207e-01,3.467985971634963249e+00
2.998115225935702899e+00,-3.991002560271897925e-01,3.534388254286584541e+00
3.136526043403478070e+00,-4.313654619484227348e-01,3.585288704990746478e+00
3.276495487051214628e+00,-4.656754012849967928e-01,3.634834694830569646e+00
3.453614668888205674e+00,-5.110925892219958522e-01,3.691275969405502178e+00
3.596900994459165446e+00,-5.492795779621002517e-01,3.736017773405578613e+00
3.740830086156356149e+00,-5.915388362465899830e-01,3.776358383280491005e+00
3.921738374664796467e+00,-6.487746553803952487e-01,3.825733023804034794e+00
4.103619317285552626e+00,-7.107769314503356028e-01,3.875475112017046975e+00
4.250265788907374720e+00,-7.624218424201631983e-01,3.911851433891296637e+00
4.397481969224783960e+00,-8.167432727249956947e-01,3.945692461263743400e+00
4.581684966483999588e+00,-8.893891843351253712e-01,3.986265195275541906e+00
4.729207522777971739e+00,-9.508888755459750097e-01,4.017850309177745771e+00
4.913715539891716055e+00,-1.031934324877973541e+00,4.054388690692023012e+00
5.060782186120128756e+00,-1.101014456601457470e+00,4.082606466145091595e+00
5.243395079830474259e+00,-1.193327805963906973e+00,4.118229379045465599e+00
5.424690351172364977e+00,-1.291837379560093702e+00,4.152956935973199037e+00
5.568817309101580904e+00,-1.374739912907960937e+00,4.179935807270853232e+00
5.712657597912551566e+00,-1.460281240694767613e+00,4.206549578088178087e+00
5.891571502734116450e+00,-1.571561711275732076e+00,4.236430173954857104e+00
6.033635115018882722e+00,-1.664262764961747409e+00,4.258855478397165051e+00
6.174619517441655603e+00,-1.760195293340828471e+00,4.280085103765855159e+00
6.349181420802793241e+00,-1.884577251723059899e+00,4.305100975344585024e+00
6.487109088954271741e+00,-1.987911297234973285e+00,4.323564326093819687e+00
6.656422015211054699e+00,-2.122688620137744842e+00,4.348204657232593640e+00
6.789283100853080732e+00,-2.234985465134597504e+00,4.367759691560233470e+00
6.952441590205000743e+00,-2.380294511462608398e+00,4.390406732595930173e+00
7.081948776927246669e+00,-2.498934886936092781e+00,4.408679679631346993e+00
7.209786722032084150e+00,-2.620467502827203532e+00,4.421521863816427533e+00
7.365823117763501848e+00,-2.777232215778270064e+00,4.304634693554207026e+00
7.481674692761480117e+00,-2.904542966592599917e+00,4.186011826410655168e+00
7.589363792108470008e+00,-3.032591945592725935e+00,4.209998197631715122e+00
7.720331822952027245e+00,-3.197266961772096128e+00,4.237506410088868414e+00
7.822110193370132691e+00,-3.332609590024480539e+00,4.254885369323014643e+00
7.944393478671408104e+00,-3.506617981221351599e+00,4.278655031004736209e+00
8.037332443591607145e+00,-3.650131388002519905e+00,4.296826299141301320e+00
8.146883680219355384e+00,-3.834763695964847674e+00,4.319945405520053683e+00
8.230315963704063265e+00,-3.985856492498207615e+00,4.338095373143468159e+00
8.329731383772665865e+00,-4.178537091968422601e+00,4.359408076191177983e+00
8.422335285896723533e+00,-4.375759417515392435e+00,4.380007192995487131e+00
8.491185418551552289e+00,-4.536689678245569013e+00,4.396497164351470310e+00
8.555432161862380980e+00,-4.700193823857047093e+00,4.412196334280996446e+00
8.629901007984495109e+00,-4.907738438904592826e+00,4.432799275553058749e+00
8.644017913884384896e+00,-4.949656609078298075e+00,4.436515725200606219e+00
8.698191510598705989e+00,-5.118525499645289578e+00,4.452810204931472171e+00
8.748164939497360848e+00,-5.289346349369961509e+00,4.467418153272663339e+00
8.804280483499278276e+00,-5.505451374140999832e+00,4.484190730631816280e+00
8.815123858067176243e+00,-5.548893214819418773e+00,4.487848320988982564e+00
8.856227242226102803e+00,-5.723623289027785610e+00,4.503034428065376460e+00
8.893508268823959284e+00,-5.899804917402525994e+00,4.515573558395799658e+00
8.926093923766414306e+00,-6.077403796736515318e+00,4.527768090849918714e+00
8.960917500999746821e+00,-6.301077693840133165e+00,4.542393460515917525e+00
8.985039794339861885e+00,-6.481086612114646428e+00,4.553202508090751444e+00
9.009291169919906750e+00,-6.704702794845625036e+00,4.434127049753124439e+00
9.022497642500322712e+00,-6.881457213260860684e+00,4.447365194536379462e+00
9.029169832481464653e+00,-7.014558326342736905e+00,4.457640539292353488e+00
9.030838775297933552e+00,-7.059015115931419615e+00,4.461156554681712905e+00
9.032132055285625682e+00,-7.103515884617458198e+00,4.464639132764719243e+00
9.034238282504276185e+00,-7.326574737965868778e+00,4.481301464043220939e+00
9.030293703128098315e+00,-7.505536768020476757e+00,4.493677490274412101e+00
9.018129551659606946e+00,-7.729604733321428611e+00,4.508263691801619011e+00
8.997562255667553188e+00,-7.953723416648811551e+00,4.521533498939539264e+00
8.974124058200848353e+00,-8.132647788925265075e+00,4.531325737906168882e+00
8.944856905468329344e+00,-8.311098383873748219e+00,4.541886876469606094e+00
8.891024881399472335e+00,-8.577728727797699904e+00,4.556832836831171463e+00
8.848192531215291368e+00,-8.754468357687267499e+00,4.566628380058038950e+00
8.786659226175570936e+00,-8.973841905107279970e+00,4.577725296187002080e+00
8.731357329743799411e+00,-9.147996455526890003e+00,4.587326694806552752e+00
8.716854634263681234e+00,-9.191387489917081766e+00,4.591239241739792476e+00
8.671254433381445637e+00,-9.321042145066902762e+00,4.597781335356451393e+00
8.622861429918593501e+00,-9.449946035412468248e+00,4.605873640073963493e+00
8.517542967605415072e+00,-9.705127562564651811e+00,4.620925676580704078e+00
8.422314415886697603e+00,-9.912316824277942473e+00,4.499849704699432351e+00
8.343265884891867046e+00,-1.007377387830991466e+01,4.511612466391437870e+00
8.240371677905475423e+00,-1.027143284104526444e+01,4.396765114447456213e+00
8.155655799425870711e+00,-1.042399941311023071e+01,4.281037389945521632e+00
8.048991901514108704e+00,-1.060679288496899453e+01,4.177141810731525240e+00
7.941738124779486263e+00,-1.078511046296903686e+01,4.075595548195911633e+00
7.835451074499725443e+00,-1.095993179988596822e+01,4.111242935374904484e+00
7.749286895272027742e+00,-1.110061723260441013e+01,4.139126136920248555e+00
7.642566155792723137e+00,-1.127897505767441011e+01,4.175809370954482347e+00
7.556659693623193341e+00,-1.142275511398490195e+01,4.203116695080218790e+00
7.448865270550774298e+00,-1.160393993276788827e+01,4.237313257457292259e+00
7.362358090183858117e+00,-1.175009900089804304e+01,4.262746171055141531e+00
7.254391345881365361e+00,-1.193448719564086424e+01,4.291296352444584628e+00
7.148810017477658540e+00,-1.212174270042820012e+01,4.315879578557064278e+00
7.067206550003331422e+00,-1.227412530944537394e+01,4.335314061616340808e+00
6.987266099684303455e+00,-1.242827089522433148e+01,4.356182541321432566e+00
6.870792168967535751e+00,-1.266290327700186680e+01,4.385927906952550082e+00
6.795678695652416224e+00,-1.282164414891686377e+01,4.405600609578934623e+00
6.722790281021096881e+00,-1.298223426483834153e+01,4.423793206595323824e+00
6.635068949391353499e+00,-1.318553939943669384e+01,4.444728904575258710e+00
6.568617432302365167e+00,-1.335048469633125912e+01,4.459462062797380000e+00
6.490326213121942800e+00,-1.355936464931219021e+01,4.477810176903127548e+00
6.431181763509107085e+00,-1.372839863314333364e+01,4.491442868636424279e+00
6.361084318678482674e+00,-1.394178944205438420e+01,4.507339042527597428e+00
6.297057661803014739e+00,-1.415784546485016016e+01,4.522268244306150820e+00
6.249878712973693240e+00,-1.433240106424615590e+01,4.534646801396195137e+00
6.216510577639006385e+00,-1.446418985131497514e+01,4.543981194211229813e+00
6.155253674630088767e+00,-1.472994010331986026e+01,4.561060830476494132e+00
6.111202798972775518e+00,-1.495368210336964410e+01,4.575550380949382046e+00
6.086514954927951138e+00,-1.508863766113265825e+01,4.583512611755978128e+00
6.056787722402348528e+00,-1.526950900178183446e+01,4.593280425600445582e+00
6.025413107057575601e+00,-1.549699230394182159e+01,4.605110854837192846e+00
6.005232729722000506e+00,-1.567998523029563529e+01,4.615661067994781597e+00
5.984026309507276764e+00,-1.590975074289111824e+01,4.628123899082765114e+00
5.969933080718655027e+00,-1.609429406667171847e+01,4.636714321107219483e+00
5.960024848060940350e+00,-1.627943271949894211e+01,4.645006902721505071e+00
5.953914725191301827e+00,-1.651152403726121065e+01,4.656226890006171182e+00
5.952561291764290274e+00,-1.669767217217738420e+01,4.664875853183053422e+00
5.953789182877739172e+00,-1.688420154442464494e+01,4.673007307294783530e+00
5.960199427682566053e+00,-1.711778017335220881e+01,4.683775029956540159e+00
5.972369852239951982e+00,-1.735161497478389947e+01,4.694274297728754597e+00
5.989432863620229419e+00,-1.758566863035775185e+01,4.702615960374877169e+00
6.006088302861496864e+00,-1.777301238122543836e+01,4.711206066603755183e+00
6.030947611025280430e+00,-1.800728524161663913e+01,4.720979384167726778e+00
6.048629062542376644e+00,-1.814775581485419309e+01,4.725724962416266273e+00
6.088827691411394127e+00,-1.842714652007166265e+01,4.604226596763449919e+00
6.125208084779417028e+00,-1.865459409160630955e+01,4.618447068287901303e+00
6.156370752844239291e+00,-1.883674678142430281e+01,4.628983745940723260e+00
6.198135920797091636e+00,-1.906463289624727508e+01,4.643949758501622505e+00
6.232858003019518200e+00,-1.924725330539427404e+01,4.654596806018425070e+00
6.268197217931065879e+00,-1.943023514037363242e+01,4.664677928724034750e+00
6.311731146424158112e+00,-1.965971243408687030e+01,4.678487038220528582e+00
6.354542567631288996e+00,-1.989001657432444858e+01,4.692371855064702224e+00
6.389001158414705728e+00,-2.007469077278930669e+01,4.703192050100995836e+00
6.431601938512538474e+00,-2.030614981465186730e+01,4.713178870735955428e+00
6.464026865394078669e+00,-2.049198443871659592e+01,4.587628144730401480e+00
6.501189906799208273e+00,-2.071724016243218713e+01,4.469348504769933506e+00
6.533258708379912072e+00,-2.093596162265470895e+01,4.354681104436184391e+00
6.554529406055854324e+00,-2.110902483729956103e+01,4.236733709509211465e+00
6.575692577460177546e+00,-2.132012155050621516e+01,4.261389818356549064e+00
6.591422499226846199e+00,-2.153006895361932038e+01,4.148773426779335693e+00
6.595352665789028457e+00,-2.173482888777157740e+01,4.040931790426307124e+00
6.590824924695877662e+00,-2.189621522734351444e+01,4.063969892035693476e+00
6.577020867424096195e+00,-2.209863118389636227e+01,4.089190815214403862e+00
6.558523971039941003e+00,-2.225790971050574285e+01,3.975109376181099829e+00
6.532629763952330748e+00,-2.241418807098858679e+01,3.993650358951317703e+00
6.478790024987894469e+00,-2.264407591445340628e+01,3.891496161793953412e+00
6.430747545842005586e+00,-2.278818064299423796e+01,3.779531254391453654e+00
6.356935281945227167e+00,-2.295750582768920722e+01,3.676340164257950516e+00
6.287775127813261200e+00,-2.308556680711511433e+01,3.705247192378356313e+00
6.209469627386775770e+00,-2.320607961749250236e+01,3.596021106573477066e+00
6.099055954117457823e+00,-2.334523456791109908e+01,3.626965591019595259e+00
6.000398075081168514e+00,-2.344713434919165351e+01,3.516809298697786357e+00
5.866425229528374530e+00,-2.355254523687812451e+01,3.416836649936598302e+00
5.722767170608716647e+00,-2.363982096384046372e+01,3.452865089380047436e+00
5.600484258581856167e+00,-2.369557791055826357e+01,3.343310561133272962e+00
5.443481577368386226e+00,-2.373809933773149439e+01,3.239189714733613279e+00
5.288345486990438715e+00,-2.374699856586937230e+01,3.127821151522199195e+00
5.169092856554844850e+00,-2.373219839947497078e+01,3.006028607442343237e+00
5.029810230596565290e+00,-2.368961009566788789e+01,3.031926660549741470e+00
4.925046690851777598e+00,-2.363916659214625327e+01,2.910414188561817994e+00
4.815152927684162698e+00,-2.355411016169397342e+01,2.809318691739334017e+00
4.726583913838942053e+00,-2.345270952698950850e+01,2.722282375159128520e+00
4.660840566803164720e+00,-2.334060801287934694e+01,2.654258658927172831e+00
4.618281961163893889e+00,-2.324779531068123717e+01,2.579313328050421017e+00
4.573480411088418407e+00,-2.312991735306877672e+01,2.531314493491738205e+00
4.539001969431974537e+00,-2.303437087305349351e+01,2.605289409797177935e+00
4.504158242909570120e+00,-2.293512538690259817e+01,2.675583244165960828e+00
4.461497321951741313e+00,-2.280646084951893826e+01,2.756710556071742424e+00
4.427369172842721134e+00,-2.270185785657916000e+01,2.682567194324551707e+00
4.392778194598589536e+00,-2.259898008581065199e+01,2.605311665668180954e+00
4.343105190424362050e+00,-2.247780079983317236e+01,2.524365540064932301e+00
4.294710504217912117e+00,-2.238723945364550971e+01,2.432193551544636012e+00
4.218702232311172473e+00,-2.228758313954868342e+01,2.484207561807351805e+00
4.148525063105336308e+00,-2.221353204324683972e+01,2.526829049913327463e+00
4.051152462059603110e+00,-2.212806830025265015e+01,2.458607759695406791e+00
3.970263646423187964e+00,-2.206885598550155336e+01,2.533754503808427483e+00
3.886933836665734887e+00,-2.201003458318982098e+01,2.597361314454523562e+00
3.782508187878088179e+00,-2.194005709159992890e+01,2.557713582654109530e+00
3.701188333795021990e+00,-2.188387599564908470e+01,2.495619045222546628e+00
3.599447620763524647e+00,-2.180926057014409025e+01,2.571568386376204884e+00
3.516712760367670665e+00,-2.174575260203823746e+01,2.653123821196249565e+00
3.433054697882929496e+00,-2.167863293780992606e+01,2.720945459229521024e+00
3.327576759213278113e+00,-2.158999671065576109e+01,2.802880483510640008e+00
3.243608953334234712e+00,-2.151420330130910585e+01,2.863968431557956329e+00
3.139823843410761040e+00,-2.141332469372888525e+01,2.938208773558502962e+00
3.058980775107605687e+00,-2.132675548868274618e+01,2.995402495429373424e+00
2.980445872818814568e+00,-2.123517404727337521e+01,3.050241740604493046e+00
2.885935620005215085e+00,-2.111384982639588515e+01,3.118203416777108661e+00
2.796729671681252416e+00,-2.098459101821605799e+01,3.185860616177596416e+00
2.713861939144979196e+00,-2.084738817004255651e+01,3.252962147483723587e+00
2.651533238143057858e+00,-2.073269662094164900e+01,3.305301390200679368e+00
2.593114503293419748e+00,-2.061370250338579879e+01,3.354398532895599860e+00
2.565721083492833898e+00,-2.055254411715117868e+01,3.381734820754208837e+00
2.501441357585917569e+00,-2.039545195372474140e+01,3.442466790200200411e+00
2.454681072963770472e+00,-2.026565649953794335e+01,3.484570946372353983e+00
2.402365446379868263e+00,-2.009886039818956860e+01,3.537580009355965949e+00
2.356460154095520565e+00,-1.992742272849257645e+01,3.589379155539879296e+00
2.323832376732618332e+00,-1.978724787299861987e+01,3.626287578285408486e+00
2.286878824767834217e+00,-1.960897541636828478e+01,3.676626449790422857e+00
2.259224138285341521e+00,-1.946397728162348884e+01,3.717765120017252567e+00
2.226064980316850406e+00,-1.927997010250918564e+01,3.774623331615741595e+00
2.201171328962357343e+00,-1.913037512348793001e+01,3.819122464406182527e+00
2.177195674093963085e+00,-1.897882667072461516e+01,3.862190591611394996e+00
2.148009972407852519e+00,-1.878685292337068802e+01,3.914282855183025767e+00
2.125808521820545582e+00,-1.863124220087622263e+01,3.954770986250392806e+00
2.099343286889079785e+00,-1.843430029369463341e+01,4.002992391511495995e+00
2.073987420378559765e+00,-1.823484303106552318e+01,4.047611859710117166e+00
2.053291979862799099e+00,-1.807374776381849202e+01,4.080846609403301350e+00
2.026028516983261696e+00,-1.787067073525786753e+01,4.122758622786813376e+00
2.003368039541737922e+00,-1.770684659023841689e+01,4.153040775844064392e+00
1.975033737698506098e+00,-1.750041780744303210e+01,4.188267454795480127e+00
1.949003513231203355e+00,-1.729188286712494360e+01,4.224118216964507511e+00
1.926170038169799925e+00,-1.712402613035915522e+01,4.252492916291899405e+00
1.897251303574027048e+00,-1.691268106312288921e+01,4.285969503811784875e+00
1.874571080739426465e+00,-1.674234706800244155e+01,4.312208578301930828e+00
1.851607242901195161e+00,-1.657100320069941191e+01,4.336172142735774671e+00
1.823349728018102800e+00,-1.635545079410201552e+01,4.363314669858064043e+00
1.800722035547252631e+00,-1.618203947327786096e+01,4.381606731046858272e+00
1.770545094496715599e+00,-1.596453828979825751e+01,4.404348081347266408e+00
1.745407781913683065e+00,-1.578985981802497918e+01,4.420817557193934988e+00
1.712349412197840648e+00,-1.557222044789473614e+01,4.307817991203950925e+00
1.684367464505752032e+00,-1.540187367283608211e+01,4.326412246724349764e+00
1.653467172676595487e+00,-1.523131565142113075e+01,4.342035655391350168e+00
1.610556285859640502e+00,-1.501814259818345398e+01,4.362405662040773180e+00
1.572420475958469233e+00,-1.484773556943162376e+01,4.375805460879575115e+00
1.518223132763082406e+00,-1.463705862779799638e+01,4.260560979086399414e+00
1.469608249876290573e+00,-1.447379449025939024e+01,4.280480872057449204e+00
1.417060733069028799e+00,-1.431101548039478288e+01,4.298475338870789031e+00
1.345068406986472898e+00,-1.410867301632115201e+01,4.321285769237608321e+00
1.265468198607500483e+00,-1.390803674092361497e+01,4.339472428325044540e+00
1.177160947904306809e+00,-1.371318906093827295e+01,4.224957251118692803e+00
1.100333249967277105e+00,-1.356313371618500696e+01,4.241720839311744484e+00
9.949969807074372508e-01,-1.337965817315958894e+01,4.264045139505086901e+00
9.039725939929047493e-01,-1.323605531723685225e+01,4.283262528073727538e+00
8.074922761336625898e-01,-1.309511650640792801e+01,4.301767271381726765e+00
6.790254508608737360e-01,-1.292327293855220738e+01,4.324036930947467994e+00
5.692782435240008043e-01,-1.279029178831672908e+01,4.339741240242910081e+00
5.408733651574443302e-01,-1.275774255449797678e+01,4.343912943469922183e+00
4.832148497713291135e-01,-1.269321452513996462e+01,4.215444973799245432e+00
3.668538001172970686e-01,-1.257201801209418335e+01,4.235694703035378872e+00
2.181694405396953917e-01,-1.242555661807070067e+01,4.130921268711607475e+00
9.895112547730638974e-02,-1.231541327576305278e+01,4.024303333625484314e+00
-4.868104252540411681e-02,-1.218429805505722463e+01,3.928504635345274831e+00
-1.650647463989943775e-01,-1.208213267576259220e+01,3.824048062815011306e+00
-2.791920956442572321e-01,-1.198120785934923660e+01,3.719975583733928115e+00
-4.178401861376064286e-01,-1.185528762413671977e+01,3.761609056834712916e+00
-5.279316156396924864e-01,-1.175153749059722408e+01,3.795554036714785529e+00
-6.634764411379076021e-01,-1.161737906239073936e+01,3.835729322027303656e+00
-7.695747166115110005e-01,-1.150607059440290492e+01,3.866769814588716159e+00
-8.727240931530950707e-01,-1.139059559650998033e+01,3.896620775519042290e+00
-9.956414630700033408e-01,-1.123923084103771153e+01,3.933756061969671425e+00
-1.089321426904899415e+00,-1.111304452782257712e+01,3.964010556794827167e+00
-1.201133860035343837e+00,-1.094959061373899090e+01,4.000570603802002800e+00
-1.286187807708883746e+00,-1.081437835009674941e+01,4.028138834441846505e+00
-1.385957231376705012e+00,-1.063964451485064622e+01,4.060516355039345271e+00
-1.460023832729422821e+00,-1.049542219986351910e+01,4.084480590347697948e+00
-1.545034526867188784e+00,-1.030997130250815808e+01,4.113804544736498592e+00
-1.606868944647422914e+00,-1.015776374026921758e+01,4.138027777532606422e+00
-1.663058824392312340e+00,-1.000236149509713535e+01,4.161757864428925480e+00
-1.725173344401569331e+00,-9.804007245282800653e+00,4.190433362799952377e+00
-1.779026166067744663e+00,-9.601750860837528379e+00,4.218518098583214027e+00
-1.788652684022391970e+00,-9.560835739845666481e+00,4.223605948639988839e+00
-1.830675127063759122e+00,-9.354135747290657221e+00,4.250503346692863893e+00
-1.857963747044248493e+00,-9.186642762111979721e+00,4.271775155409742730e+00
-1.884569097896418910e+00,-8.974987722146831715e+00,4.295202141737078705e+00
-1.903271622237832750e+00,-8.761297108447626769e+00,4.315043220493716802e+00
-1.909800227237859804e+00,-8.591902900154554601e+00,4.197117411129176467e+00
-1.906437060248897808e+00,-8.382523149847086685e+00,4.218001120283517480e+00
-1.904598659890628376e+00,-8.340571357792336826e+00,4.222740600265797895e+00
-1.888487947637135900e+00,-8.130748630543800815e+00,4.241035791563639634e+00
-1.867224021288939273e+00,-7.965874127680657502e+00,4.122983778694943702e+00
-1.837363567721360891e+00,-7.805904125267612237e+00,4.006259477071788311e+00
-1.788048992740598031e+00,-7.612899561652191061e+00,4.029419913478556659e+00
-1.725756880774118152e+00,-7.422574435873327658e+00,4.051366130349523864e+00
-1.664720252551198598e+00,-7.273698955660529819e+00,4.071971127566628823e+00
-1.595092688599833775e+00,-7.127777023408383705e+00,4.092680217654659280e+00
-1.496441459617954273e+00,-6.950056882481579379e+00,4.116648539499039750e+00
-1.384632579216092729e+00,-6.785745478534877861e+00,3.871799601589826167e+00
-1.266521563283065532e+00,-6.634187470429679934e+00,3.772721421122586349e+00
-1.146025256821952887e+00,-6.491601973715117602e+00,3.682811909827336638e+00
-1.049419716000321801e+00,-6.380136143365017887e+00,3.580077499755887072e+00
-9.342888116580932989e-01,-6.242855517577541313e+00,3.483012134591221276e+00
-8.272321173427369390e-01,-6.102527809945730297e+00,3.519261560250929399e+00
-7.479455671611336953e-01,-5.984063593753093713e+00,3.551525736239117048e+00
-6.743803131774509518e-01,-5.861273155916527422e+00,3.582354583362509004e+00
-5.902538894306337269e-01,-5.702713097202265935e+00,3.482063640708020102e+00
-5.242542053202243757e-01,-5.542157976986721302e+00,3.383089689843184367e+00
-4.859319326469123124e-01,-5.413563533314814435e+00,3.277375698463826481e+00
-4.602989504305249890e-01,-5.255017428197375828e+00,3.182806268762905511e+00
-4.554720209539380726e-01,-5.129700626432753374e+00,3.079414320609954459e+00
-4.729617503847246551e-01,-4.980569674194283536e+00,2.987121605728739748e+00
-5.140624619173655985e-01,-4.840959040369160249e+00,2.894938592716397086e+00
-5.643859750897017857e-01,-4.740327589268009234e+00,2.793353530298223308e+00
-6.278104278042566655e-01,-4.650235842188092938e+00,2.842214534298250328e+00
-7.224213449418972477e-01,-4.545959053816978290e+00,2.902111705820971110e+00
-8.106730418888965506e-01,-4.471863108193907088e+00,2.949027746977848530e+00
-8.586033945687012725e-01,-4.438448159055005782e+00,2.969379408283783661e+00
-1.071116206789029635e+00,-4.331962231391770501e+00,3.048178227050124978e+00
-1.186333551754497950e+00,-4.299096618304194095e+00,2.942954772641583450e+00
-1.302363476321703795e+00,-4.283976905710978222e+00,2.836483358159065826e+00
-1.468204595436303661e+00,-4.297112914047534815e+00,2.740612109286014952e+00
-1.570073544823758827e+00,-4.325218323539101739e+00,2.623890211213328882e+00
-1.685266335710775554e+00,-4.378925048851766810e+00,2.516773921132486436e+00
-1.768864405820423702e+00,-4.433666757851815632e+00,2.545743299273941496e+00
-1.860053470014139343e+00,-4.516882719292541815e+00,2.467885741503163199e+00
-1.924066611568767238e+00,-4.592628002183019476e+00,2.523145425545923359e+00
-1.995312500474014872e+00,-4.695160295362027725e+00,2.477011087813961954e+00
-2.049379511952093669e+00,-4.778760127974591043e+00,2.542388446968756543e+00
-2.118457336175293637e+00,-4.881921649512657169e+00,2.489131079451181616e+00
-2.178947540401979133e+00,-4.962231006734381999e+00,2.542025365736002129e+00
-2.265075178753492402e+00,-5.055768762023361340e+00,2.472465968095439504e+00
-2.341440357656966675e+00,-5.122326277101045378e+00,2.511856761213724809e+00
-2.425958449163295505e+00,-5.181409811067896776e+00,2.543534840433564703e+00
-2.540317124738438626e+00,-5.244244193202674431e+00,2.590412093890200662e+00
-2.637535879985883014e+00,-5.285462736757396307e+00,2.630172346286074880e+00
-2.765554311987015179e+00,-5.324166195645960720e+00,2.680203840360469769e+00
-2.870189943513398845e+00,-5.341275161290251816e+00,2.592526354442409975e+00
-2.972329277699765626e+00,-5.346770533291594241e+00,2.513213832333698772e+00
-3.096473185476821044e+00,-5.347613183690977934e+00,2.459552935530148421e+00
-3.195235510697253645e+00,-5.345595605725323551e+00,2.524543883561817470e+00
-3.323010007165822621e+00,-5.341539595579549271e+00,2.623431175042913122e+00
-3.428941787441223354e+00,-5.336120780193909674e+00,2.707380577402078714e+00
-3.565783797418590417e+00,-5.326057443508717348e+00,2.802754134933868713e+00
-3.678105840719222641e+00,-5.313810216870932912e+00,2.866555784683340491e+00
-3.821598093969073240e+00,-5.293497083249159019e+00,2.946105470520715475e+00
-3.935511498168225319e+00,-5.272128020670368898e+00,2.864692593160449441e+00
-4.048039360516546559e+00,-5.245985315671835458e+00,2.917912093926089412e+00
-4.186817541641953078e+00,-5.205372951774090318e+00,2.848425103528703151e+00
-4.291420508502581832e+00,-5.165005246168004938e+00,2.763210745027471660e+00
-4.417772173953755654e+00,-5.105464678557066094e+00,2.828424557648594018e+00
-4.492302874614257924e+00,-5.064032901443020762e+00,2.859900649901902625e+00
-4.610801179154476515e+00,-4.983848095230626107e+00,2.781642247851410232e+00
-4.717530410794830154e+00,-4.892827333884599561e+00,2.834393419587956320e+00
-4.810201729693564410e+00,-4.789543445812556755e+00,2.752692030976890525e+00
-4.874265633722698610e+00,-4.699128310097622219e+00,2.796830535923040983e+00
-4.942054213417625519e+00,-4.575705572700991652e+00,2.850564199403542887e+00
-4.984318160125830843e+00,-4.469339856575018644e+00,2.885678876676647686e+00
-5.015043860398448849e+00,-4.357609989662048378e+00,2.927587921476033639e+00
-5.034807585444504241e+00,-4.242050077601775548e+00,2.967634899544797200e+00
-5.041921416133996026e+00,-4.123437600167951800e+00,3.014193751451447856e+00
-5.037382130353904586e+00,-4.003203907737341360e+00,3.056500406028976879e+00
-5.016092024274411365e+00,-3.852402414895234273e+00,3.105905660433772919e+00
-4.985195263287044654e+00,-3.737105568312266701e+00,3.014909178558671243e+00
-4.935736232419737135e+00,-3.599883219525845668e+00,2.944209108972257294e+00
-4.890624827587959800e+00,-3.496389186239878821e+00,2.867067384979533617e+00
-4.855183518678092724e+00,-3.418582040945172817e+00,2.907365450924373373e+00
-4.830644012011430455e+00,-3.365999381414869873e+00,2.941230388407225060e+00
-4.805186161805961476e+00,-3.312993177643584364e+00,2.976927283990252526e+00
-4.751604961946222616e+00,-3.205665267825411835e+00,3.047030131540251041e+00
-4.708132353690942296e+00,-3.124897649257363241e+00,3.092145818781963929e+00
-4.629169734847779161e+00,-2.990443994404051509e+00,3.166758319940219391e+00
-4.560625728585790739e+00,-2.883081903224102405e+00,3.220924952323934942e+00
-4.467907950670118922e+00,-2.749786597319158421e+00,3.291565019479013809e+00
-4.389086556848936560e+00,-2.643393046035173111e+00,3.346180632349189832e+00
-4.306719966458179449e+00,-2.536970919737246977e+00,3.400372603801274263e+00
-4.199335103127165070e+00,-2.403702857310652696e+00,3.463304051514465076e+00
-4.108325596162432980e+00,-2.298488804638483707e+00,3.509937009730434987e+00
-4.061113464975924181e+00,-2.246460700891407480e+00,3.534845287001282088e+00
-3.964131096459071024e+00,-2.142819328891993003e+00,3.581013494263923125e+00
-3.889065663589434951e+00,-2.065668362685443959e+00,3.614545841478962185e+00
-3.759252144542541529e+00,-1.938710735834533017e+00,3.667757562003957528e+00
-3.678113584862150898e+00,-1.864138775975908935e+00,3.698856793441999802e+00
-3.538417236952737355e+00,-1.741784925879768187e+00,3.749785878383755211e+00
-3.422580723774693467e+00,-1.645918613786087503e+00,3.788863449977113440e+00
-3.303086306426536112e+00,-1.552145148146934606e+00,3.827187366964015514e+00
-3.180387715656281866e+00,-1.460070651605180014e+00,3.863016478926919461e+00
-3.086037823191350338e+00,-1.392615130891874831e+00,3.889058649162624892e+00
-2.989626735108985134e+00,-1.326765832287681413e+00,3.914401948179444979e+00
-2.858082772386022263e+00,-1.241375903166394234e+00,3.947378704827294360e+00
-2.757242266753061610e+00,-1.179195141939053837e+00,3.972423301215438407e+00
-2.688963330038538047e+00,-1.138675725338571310e+00,3.988639650301968320e+00
-2.480568004095247137e+00,-1.019344393339316923e+00,4.034969850252760892e+00
-2.301619038934185735e+00,-9.253770906070579727e-01,4.068841720366699555e+00
-2.191960008523833103e+00,-8.717134896923323106e-01,4.089421210217841995e+00
-2.080634674043828625e+00,-8.201290407616945721e-01,4.110593952653472272e+00
-1.930057538599054823e+00,-7.537799729180921782e-01,4.136787790473674953e+00
-1.776774850749720747e+00,-6.911566678178946432e-01,4.163501781771051569e+00
-1.581773574715086506e+00,-6.174989948547366936e-01,4.195245896267540076e+00
-1.423195727167585245e+00,-5.622716019579940827e-01,4.220745324736313364e+00
-1.302889543820615614e+00,-5.228396852002210604e-01,4.238426081870890982e+00
-1.140788562435781861e+00,-4.728053271231698607e-01,4.261376390118792656e+00
-9.768066959906767099e-01,-4.258513258481549935e-01,4.282910316373919279e+00
-8.108764520801587938e-01,-3.828148507313841042e-01,4.304201303139072010e+00
-6.432686040473813982e-01,-3.429794420378844411e-01,4.325364658020887987e+00
-4.315608914635996607e-01,-2.975801520723550531e-01,4.350237090508408677e+00
-3.034473078717192518e-01,-2.726799034551617984e-01,4.364479828458486033e+00
-1.314231552617542154e-01,-2.423610444496697158e-01,4.383152749180316832e+00
-1.549390115164611670e-03,-2.217920641575303331e-01,4.396440621651632519e+00
1.726545924171152824e-01,-1.971798210581569011e-01,4.413019215827397090e+00
3.479977754755725905e-01,-1.763824003475369107e-01,4.429162853925978638e+00
5.243946899325817590e-01,-1.596986420100323378e-01,4.444871904929239115e+00
7.461745770757678420e-01,-1.430863410052098661e-01,4.465961830926275411e+00
8.352663516624241336e-01,-1.376227931083847944e-01,4.473401824741624289e+00
9.692517376565523701e-01,-1.304034068690035075e-01,4.483654552459188203e+00
1.103645413943922460e+00,-1.252964392560232676e-01,4.494269599858963460e+00
1.148529129516132841e+00,-1.241082591561382953e-01,4.497729934730402945e+00
1.193452672977713069e+00,-1.230740835046529452e-01,4.499474445090148933e+00
1.238397542624069647e+00,-1.223440880987630153e-01,4.502804418731889413e+00
1.283379183554175906e+00,-1.217632741558894449e-01,4.506215865622590577e+00
1.328395909510549089e+00,-1.214768429675090189e-01,4.509452551957743971e+00
1.418520093531418169e+00,-1.214919311205776842e-01,4.515042330295009343e+00
1.599105531661486390e+00,-1.241397187264401125e-01,4.526920715232346737e+00
1.644314127471132370e+00,-1.253081840786717527e-01,4.529928442502314745e+00
1.689542526748731177e+00,-1.267667865576124209e-01,4.532907566285945045e+00
1.825299201674068783e+00,-1.330583242081277429e-01,4.540995505865354609e+00
2.006539923365890488e+00,-1.442996226577888119e-01,4.552435787610805029e+00
2.233360719334964273e+00,-1.631951316522829154e-01,4.564699173304296309e+00
2.414803179339757744e+00,-1.828201828251245498e-01,4.575169248586012039e+00
2.641522375241720066e+00,-2.127599555073846349e-01,4.587033294246117165e+00
2.867782644389488933e+00,-2.495753630313677918e-01,4.598847285610910163e+00
3.003273695024433643e+00,-2.747675846804477073e-01,4.607083215829144152e+00
3.228800619443920272e+00,-3.210955460588182930e-01,4.618623135226610721e+00
3.408619841579446863e+00,-3.626962322410205442e-01,4.626216107978759595e+00
3.587569976275760464e+00,-4.090095165478151995e-01,4.633461114492598121e+00
3.810050273106343699e+00,-4.728297371548930150e-01,4.642258654166379728e+00
3.986665745889788059e+00,-5.294064699187495115e-01,4.649757109183207504e+00
4.118495035569743834e+00,-5.743798124482160095e-01,4.655357307685993540e+00
4.337105912544443775e+00,-6.537409496585016022e-01,4.664856623121982793e+00
4.424222783105594914e+00,-6.868121066184030843e-01,4.533943723597076314e+00
4.591713437106890616e+00,-7.558773016920116161e-01,4.545420160836024515e+00
4.757821143513339734e+00,-8.293125386437760760e-01,4.556353379969494632e+00
4.922203766438367545e+00,-9.075377381484689421e-01,4.568342628755864610e+00
5.126567647781184789e+00,-1.009355965687001033e+00,4.582720364662034918e+00
5.288899519884154188e+00,-1.094278723189119340e+00,4.591269781082593759e+00
5.489270945886418396e+00,-1.206145521310912017e+00,4.601192773816476844e+00
5.647044092673081828e+00,-1.300623611005014002e+00,4.608352128703244510e+00
5.686096979302156740e+00,-1.324961033248835740e+00,4.610453478304385122e+00
5.840863244751091088e+00,-1.424955058366397687e+00,4.619236168498543904e+00
5.993339040386274519e+00,-1.528988153829228480e+00,4.628807932167221750e+00
6.180914402524893880e+00,-1.664163486502438838e+00,4.639256610743943909e+00
6.328889807220797969e+00,-1.775819326180694269e+00,4.647884590970233099e+00
6.510886617146565136e+00,-1.920096982239456684e+00,4.658852754651010564e+00
6.582679649107490150e+00,-1.979304887478304353e+00,4.663666393302635882e+00
6.724875722941267675e+00,-2.099854695622288325e+00,4.671539957774602847e+00
6.899000483840804776e+00,-2.255300835675401849e+00,4.679805066153235771e+00
7.035097740062828287e+00,-2.383560156755837767e+00,4.685773081234152926e+00
7.201769689460831181e+00,-2.548001613639677920e+00,4.694064533065108513e+00
7.328446822717132214e+00,-2.680834126508976123e+00,4.569674682306935409e+00
7.418322641909893989e+00,-2.780467886490956886e+00,4.444339748271798562e+00
7.447495333580756771e+00,-2.813854799602722334e+00,4.446241238606447155e+00
7.476500137059551854e+00,-2.847411549239079243e+00,4.449723262024726900e+00
7.589384787309944258e+00,-2.984613118333280468e+00,4.462339417504424866e+00
7.698068977205668517e+00,-3.125764338119684904e+00,4.477399188774225713e+00
7.751076122881039865e+00,-3.197622449957525426e+00,4.481707291217069233e+00
7.803501427994497419e+00,-3.270039641368320815e+00,4.487875872936402999e+00
7.929709701167576341e+00,-3.455202397787897173e+00,4.501790324285888545e+00
8.025016686530399568e+00,-3.607522472765008814e+00,4.514788158904043947e+00
8.070793011312193954e+00,-3.685054404405008643e+00,4.522033123498238716e+00
8.115457530177245360e+00,-3.763399615211177274e+00,4.527648261974484889e+00
8.158959357136696511e+00,-3.842541616456719655e+00,4.535897530572198910e+00
8.264556688961887332e+00,-4.042886401243015015e+00,4.549658667503085674e+00
8.344679359565985166e+00,-4.206037307715485341e+00,4.560828543340158525e+00
8.438720906563185409e+00,-4.413474115390249253e+00,4.571360655415855234e+00
8.524182083909073171e+00,-4.625160624096816164e+00,4.584073186644978648e+00
8.586726172457744610e+00,-4.797206963032486726e+00,4.594718875493066790e+00
8.658264436093384475e+00,-5.015156833861183827e+00,4.605747232234382871e+00
8.711464621525196961e+00,-5.191264164410615223e+00,4.613416852152381509e+00
8.760739105506610613e+00,-5.368889264844682430e+00,4.623543098965370746e+00
8.816658449029743494e+00,-5.593058709916100213e+00,4.636580694963886806e+00
8.857288627485292665e+00,-5.773904356194205612e+00,4.646065745242895062e+00
8.894146535028205847e+00,-5.955967984731604048e+00,4.520494663943921410e+00
8.924296636497887292e+00,-6.134155883501091644e+00,4.534267481001678313e+00
8.951043414977458923e+00,-6.313457293751785215e+00,4.547340358803381832e+00
8.978726800974380140e+00,-6.539061201769090559e+00,4.560311186615519041e+00
8.995687308285603478e+00,-6.720560864333938511e+00,4.569709615246470236e+00
9.010603826448638998e+00,-6.948434185912407024e+00,4.581823591370626225e+00
9.016582991817580606e+00,-7.085603227189415598e+00,4.587765762196666763e+00
9.020259844857843490e+00,-7.223029963405191545e+00,4.594987051836972647e+00
9.019838382829139078e+00,-7.402571465917587190e+00,4.471617867508444810e+00
9.017616340922664619e+00,-7.491801208921998523e+00,4.478304740878862766e+00
9.008325553910637495e+00,-7.670392328203394783e+00,4.490615195369310086e+00
8.998126196463294590e+00,-7.804449420233528834e+00,4.500255283024549691e+00
8.980837419747921047e+00,-7.983325536733727468e+00,4.511061858966161964e+00
8.957844596135240423e+00,-8.161969533669614307e+00,4.522515179712806699e+00
8.928929040407435735e+00,-8.340141017062915552e+00,4.532146459675719719e+00
8.920606612467182117e+00,-8.384549624576619564e+00,4.533904244597346533e+00
8.912024929825545172e+00,-8.428927779188477132e+00,4.536963837640664465e+00
8.883607240466067978e+00,-8.561654771941460851e+00,4.544850469659020398e+00
8.862890208484076382e+00,-8.649869357385332691e+00,4.549855298700641093e+00
8.829329182941366483e+00,-8.781790500513810827e+00,4.558573134632411872e+00
8.781074855997866635e+00,-8.957224238853722653e+00,4.568224985576629926e+00
8.727133799375794254e+00,-9.131427158426763668e+00,4.578049214515955256e+00
8.667222537552566664e+00,-9.304082501487487278e+00,4.587955629106999389e+00
8.584226167628369097e+00,-9.517493868070033614e+00,4.600292312422217478e+00
8.511786685549916243e+00,-9.681708311761781260e+00,4.478875516301934034e+00
8.416832550373186450e+00,-9.879511365897361230e+00,4.365651680136958035e+00
8.338188328331721522e+00,-1.003044486558938786e+01,4.253579894810749273e+00
8.258086758658608417e+00,-1.017568956437676952e+01,4.145557185262387812e+00
8.237937204844071104e+00,-1.021182524939447411e+01,4.012957185262387760e+00
8.217918121230187722e+00,-1.024647821383794444e+01,4.020749132666176173e+00
8.197905472897254242e+00,-1.028126008851465834e+01,4.027510800905289123e+00
8.177979730907191325e+00,-1.031621240227927139e+01,4.034469764686100746e+00
8.119205818207291259e+00,-1.042244704333057115e+01,4.058765440580368811e+00
8.040872068401364814e+00,-1.056565066659860541e+01,4.091525587965507249e+00
8.021069700480474296e+00,-1.060155076811788355e+01,4.095477316173904647e+00
8.001123089889235374e+00,-1.063739939534753098e+01,4.102767794781154720e+00
7.961051973218490119e+00,-1.070922468717911613e+01,4.118561282631555187e+00
7.940715897585654659e+00,-1.074507950136402101e+01,4.124234491013806014e+00
7.920068229787270653e+00,-1.078080288479322668e+01,4.132413021490638272e+00
7.878176310916058078e+00,-1.085215571050880889e+01,4.147537220564260885e+00
7.792400834607035698e+00,-1.099471519314068857e+01,4.179019962811647559e+00
7.727275621498361780e+00,-1.110209671882724969e+01,4.200559197519332599e+00
7.684141063040205388e+00,-1.117425349464716611e+01,4.213485177839431550e+00
7.641423152452238909e+00,-1.124695584315803210e+01,4.225911252327089862e+00
7.599047547144237136e+00,-1.132015783723127100e+01,4.239261777021014588e+00
7.493882041499390745e+00,-1.150493212697878143e+01,4.272194284133842501e+00
7.430509938398159875e+00,-1.161653514381077201e+01,4.291469053339469930e+00
7.325464479251704297e+00,-1.180425865162160015e+01,4.321256894731559051e+00
7.242074193227474588e+00,-1.195595454898756671e+01,4.342337541686148938e+00
7.221231697521710124e+00,-1.199404169572955503e+01,4.345142857003916781e+00
7.179713642327251399e+00,-1.207042867881605552e+01,4.355649094113989150e+00
7.097956809442856674e+00,-1.222454418319757607e+01,4.374908495350092963e+00
6.998765218428379953e+00,-1.241992381862855233e+01,4.397336659726120978e+00
6.922289910123925694e+00,-1.257853584307276051e+01,4.415556161131587665e+00
6.847975723571125606e+00,-1.273895926954811841e+01,4.434378352450037752e+00
6.774455935033001808e+00,-1.290055702475933330e+01,4.452670719318070347e+00
6.738045450256046287e+00,-1.298181510966661278e+01,4.461107890385129338e+00
6.650394241672444196e+00,-1.318715688507174377e+01,4.480482103794135362e+00
6.583464631083583818e+00,-1.335343323929973813e+01,4.493557289703196567e+00
6.567060780813615217e+00,-1.339522944714187069e+01,4.497319232623823382e+00
6.550875107421950894e+00,-1.343714934433891273e+01,4.498604544874952538e+00
6.534785897928788501e+00,-1.347912079582380507e+01,4.501772426320420628e+00
6.518922573450931068e+00,-1.352121036723602110e+01,4.504463048616372589e+00
6.503415010911678173e+00,-1.356345708045145670e+01,4.507304157255819455e+00
6.488113533851062265e+00,-1.360580717639838966e+01,4.510440670176554256e+00
6.443923807599867715e+00,-1.373364386970452955e+01,4.520248998878786395e+00
6.415446491485940150e+00,-1.381936408756812540e+01,4.526263478754240843e+00
6.401445266610415352e+00,-1.386234668259796798e+01,4.529456600511015729e+00
6.387519657568601517e+00,-1.390538873288285338e+01,4.532105331407918491e+00
6.373821991490228989e+00,-1.394853038637906550e+01,4.535046502897948528e+00
6.360216223012469250e+00,-1.399173403929167847e+01,4.537979865218338738e+00
6.346849975166795943e+00,-1.403504202023690972e+01,4.540807633347031746e+00
6.284641328709608565e+00,-1.425334547029674503e+01,4.555235089200920129e+00
6.261450700101057087e+00,-1.434133772137728613e+01,4.561582578179873337e+00
6.217065793024313614e+00,-1.451822502049411057e+01,4.573405922663898338e+00
6.195997075297776213e+00,-1.460713924338239345e+01,4.579648652644878304e+00
6.156304899238270067e+00,-1.478589181781142514e+01,4.590236156884754060e+00
6.120005605680721494e+00,-1.496580750058052800e+01,4.600250759490986496e+00
6.079527521512545718e+00,-1.519219752078407026e+01,4.611745461187886974e+00
6.050994577296322952e+00,-1.537439152788552121e+01,4.620946951668194025e+00
6.025888019742423829e+00,-1.555744179684133499e+01,4.629119143429244687e+00
6.004182471056012105e+00,-1.574125058245396147e+01,4.636800475373878960e+00
5.994596665257056145e+00,-1.583341421217203049e+01,4.640366232397975743e+00
5.982035723677532779e+00,-1.597197691923128637e+01,4.646475225824295840e+00
5.975310557843880765e+00,-1.606457132594393400e+01,4.650287291552739788e+00
5.963824287609824637e+00,-1.629669426365935792e+01,4.661158720970498770e+00
5.957586407550952146e+00,-1.652949411318007122e+01,4.670465530060662118e+00
5.956497498761344822e+00,-1.662277918985154912e+01,4.674087350602699864e+00
5.956925350965322608e+00,-1.680963774100335684e+01,4.683095664553269977e+00
5.957629968240320650e+00,-1.685640242768613462e+01,4.685959670144696609e+00
5.959646755650170213e+00,-1.695000341626731455e+01,4.690797773819205041e+00
5.960961099245970729e+00,-1.699683763900194222e+01,4.692818359807986894e+00
5.964353636048178586e+00,-1.709055083910395467e+01,4.697698045312648674e+00
5.968667135912337329e+00,-1.718432016923300054e+01,4.701867056894049490e+00
5.971206154327347804e+00,-1.723121641364328127e+01,4.704299812917949630e+00
5.973900508240801877e+00,-1.727813123196081335e+01,4.706735081816156629e+00
5.980047782076219676e+00,-1.737198316989826807e+01,4.710802841585461032e+00
5.986575735547391197e+00,-1.746591126134316951e+01,4.715064316746802930e+00
5.994097815192784395e+00,-1.755984829029265271e+01,4.719673687629608594e+00
6.010477070762756391e+00,-1.774792302640992858e+01,4.727634171437806287e+00
6.019426388661436533e+00,-1.784202995962900928e+01,4.731524617801509791e+00
6.038917519861088934e+00,-1.803033994610535373e+01,4.738202495451138141e+00
6.067191460544168358e+00,-1.826565817651250967e+01,4.746514551665661941e+00
6.093872342152188537e+00,-1.845364864905310043e+01,4.752635428074865054e+00
6.108402367189259330e+00,-1.854755171625305721e+01,4.756064499996169204e+00
6.146449262968828542e+00,-1.878230089948797499e+01,4.629225171158918961e+00
6.178014882906468941e+00,-1.896486486747571831e+01,4.641776174666301991e+00
6.210694146703179541e+00,-1.914365472846323968e+01,4.522571359829766102e+00
6.227199362590550180e+00,-1.923256876292054329e+01,4.527463114063848160e+00
6.243877391454590864e+00,-1.932159058579474475e+01,4.535099224014722097e+00
6.260525526837240839e+00,-1.941078803290428212e+01,4.542591629860091906e+00
6.277205568744411046e+00,-1.950014976305038061e+01,4.550775032635192119e+00
6.302378357334171177e+00,-1.963446634887742448e+01,4.562045672559153608e+00
6.327620943695023925e+00,-1.976911340193779409e+01,4.572991093064307400e+00
6.352274105473514787e+00,-1.990420070818261422e+01,4.583345632921571600e+00
6.360487873361860167e+00,-1.994929982459278861e+01,4.587022840929408929e+00
6.368783077677337978e+00,-1.999441834547578623e+01,4.589434863196842684e+00
6.377005644166062304e+00,-2.003957396491664866e+01,4.593140680573865708e+00
6.393776230875121591e+00,-2.012991696153103405e+01,4.599029798754687981e+00
6.402285446527349322e+00,-2.017511186717316107e+01,4.601460252779800975e+00
6.410675885750270808e+00,-2.022035351467183517e+01,4.604932395647805876e+00
6.419094035961108169e+00,-2.026562480405588218e+01,4.607734140674341283e+00
6.427392631553324520e+00,-2.031094637030286520e+01,4.608113552338241270e+00
6.435710194457880284e+00,-2.035626786167938818e+01,4.610509379176543021e+00
6.451847001286836303e+00,-2.044708049634195035e+01,4.616821059112337089e+00
6.482043255136840543e+00,-2.062533737042358695e+01,4.496693781637314480e+00
6.510432949674239467e+00,-2.080306658775084117e+01,4.373178576038658782e+00
6.528842124137160141e+00,-2.093306227602429814e+01,4.387689354517060103e+00
6.554661918648229779e+00,-2.114713017209431811e+01,4.276699640804683789e+00
6.576169464554333821e+00,-2.135993539361757243e+01,4.295929965771412284e+00
6.584955408913842234e+00,-2.148573340940596665e+01,4.174958112454078218e+00
6.593826632821318867e+00,-2.169430748661675423e+01,4.197389485525123476e+00
6.593036639405854160e+00,-2.185795801322386112e+01,4.083201573841674481e+00
6.584153625064416815e+00,-2.201662418899672602e+01,3.971223034266690544e+00
6.564963751278861004e+00,-2.221384987958172275e+01,4.001133683928831175e+00
6.540012911522721240e+00,-2.236713092967289995e+01,3.889792532561656468e+00
6.497889515415462114e+00,-2.255618780376850552e+01,3.919981012121169339e+00
6.466195546324523313e+00,-2.266577408413865058e+01,3.802154831372618116e+00
6.442477010211934640e+00,-2.273734351589752478e+01,3.809569580643803022e+00
6.416632012441874977e+00,-2.280837516452254832e+01,3.820829752690256598e+00
6.372901373285561277e+00,-2.291335708166501561e+01,3.836231084089874344e+00
6.287579054982415094e+00,-2.308345730027166454e+01,3.858851857624337356e+00
6.186755884058939614e+00,-2.324098344395806492e+01,3.751230505491313760e+00
6.095516111773661372e+00,-2.335218607110524047e+01,3.635931007689614525e+00
5.994823908166834414e+00,-2.345386804403017322e+01,3.659394290988301712e+00
5.885329706747589817e+00,-2.354723853276394863e+01,3.679580469310043345e+00
5.767987825023133119e+00,-2.362402072456068680e+01,3.567427140327496637e+00
5.675790411170573257e+00,-2.367346693860179130e+01,3.581825624176942391e+00
5.515998283714502293e+00,-2.373379367871953249e+01,3.474564454840929795e+00
5.419663104428777523e+00,-2.375406689706615282e+01,3.350958291723963978e+00
5.293169090453466730e+00,-2.376222532951545929e+01,3.230477001556638861e+00
5.145255149063091338e+00,-2.373969395540236249e+01,3.105689548155385893e+00
5.089835986919240440e+00,-2.372245334355308444e+01,2.975813429709128322e+00
5.037141703673558624e+00,-2.370094610815753100e+01,2.991953386598433351e+00
4.909613969679597290e+00,-2.363404891934672847e+01,3.019503282665762622e+00
4.802115553653131030e+00,-2.354286793546902601e+01,2.920528263100270472e+00
4.733911390497711480e+00,-2.345692927476919465e+01,2.825606948777362959e+00
4.679017063099905727e+00,-2.336416243342915422e+01,2.737295165918363971e+00
4.646943679672588701e+00,-2.329181250389630620e+01,2.639247825020927696e+00
4.615424946480612967e+00,-2.319699319669774340e+01,2.571687021912571147e+00
4.590715234218858853e+00,-2.312459142975729876e+01,2.623626299359979264e+00
4.558002497834543476e+00,-2.302445940168924210e+01,2.698764846198550504e+00
4.534324863888553381e+00,-2.294666488733695431e+01,2.749095732852353979e+00
4.511122438283974745e+00,-2.286685349712423587e+01,2.798158081792197827e+00
4.480781333716524983e+00,-2.275826194152184456e+01,2.861065176669931098e+00
4.464895755713389036e+00,-2.270299948138481483e+01,2.747342071939935959e+00
4.425089381691455159e+00,-2.257433083880434310e+01,2.679733035345007952e+00
4.406929474531517066e+00,-2.252349365285593308e+01,2.564648367203130608e+00
4.376830549272856530e+00,-2.245161577429566080e+01,2.463800962464677280e+00
4.328699383614359242e+00,-2.236397442899997401e+01,2.487919064119485935e+00
4.253922202076540593e+00,-2.226035666197763163e+01,2.550395649562950062e+00
4.184289154678817901e+00,-2.218785292396320941e+01,2.462730545783077929e+00
4.147350639634943548e+00,-2.215406281331638283e+01,2.480336999428103706e+00
4.028590810987379811e+00,-2.205901985766220008e+01,2.568504446264134877e+00
3.946706387696045759e+00,-2.199996168542368125e+01,2.496691057680586745e+00
3.822121014720992527e+00,-2.191330427918303059e+01,2.602875656680901262e+00
3.738434960112566596e+00,-2.185467167906578467e+01,2.538457211839252103e+00
3.634537685024020970e+00,-2.177875422749281142e+01,2.631864090241499810e+00
3.550056392841930197e+00,-2.171398856517853559e+01,2.702026158261207733e+00
3.443070361685049985e+00,-2.162841446686287838e+01,2.788210701269097314e+00
3.356721188967849212e+00,-2.155617734786362760e+01,2.849764777336637245e+00
3.270970954062909275e+00,-2.147946561937633092e+01,2.910748558849553635e+00
3.228369346206871437e+00,-2.143943889601892749e+01,2.937417493858625939e+00
3.165028453664075592e+00,-2.137742297568081895e+01,2.980252169401516937e+00
3.123459854339599495e+00,-2.133441267831919319e+01,3.010762965912323175e+00
3.082441571202005903e+00,-2.129005972833779126e+01,3.040476081666919850e+00
3.002411841840241902e+00,-2.119736993636796996e+01,3.095215324669938539e+00
2.963593530256773967e+00,-2.114897475498930390e+01,3.122303288131920151e+00
2.870254381959960188e+00,-2.102229372541481922e+01,3.189409807858799795e+00
2.798911914633758879e+00,-2.091579063512695669e+01,3.243099183954968989e+00
2.747485721759215238e+00,-2.083301792494339466e+01,3.280855011446988101e+00
2.714608956405605067e+00,-2.077627141332784788e+01,3.307430666132904928e+00
2.667165098235026566e+00,-2.068894509605007670e+01,3.347420305237877702e+00
2.636098543359338020e+00,-2.062972780102899861e+01,3.374084624303394175e+00
2.577638459383992053e+00,-2.050769236469579582e+01,3.422823499220088550e+00
2.536105855923310060e+00,-2.041373641418583063e+01,3.457515477943959414e+00
2.497257444619538802e+00,-2.031751933923750286e+01,3.491740344803810459e+00
2.472933843644158802e+00,-2.025215182507779588e+01,3.514363047373044946e+00
2.449878095196984518e+00,-2.018585452417892157e+01,3.536713586272312693e+00
2.428095509060393731e+00,-2.011864249568158058e+01,3.560646057454015079e+00
2.385356035654248696e+00,-1.998237227683533135e+01,3.609772084637481004e+00
2.352275073249545656e+00,-1.987907331481372708e+01,3.642248266966419123e+00
2.310740272453314148e+00,-1.973889118266162868e+01,3.686068975597055708e+00
2.273552698373457748e+00,-1.959569082318643396e+01,3.729469758514663447e+00
2.240249151491589874e+00,-1.944980172266300045e+01,3.770566343042529578e+00
2.210490107789073289e+00,-1.930154309532137091e+01,3.808346909910636402e+00
2.183164546841878106e+00,-1.915128574063503919e+01,3.842733942018512483e+00
2.170193035287982575e+00,-1.907550233104649351e+01,3.862930623850049816e+00
2.139982970141243612e+00,-1.888417683675856296e+01,3.904525700013359302e+00
2.105642196942370870e+00,-1.865113455586424962e+01,3.960536792671792039e+00
2.073433182747596248e+00,-1.841437555562701078e+01,4.014330649670281304e+00
2.057059959622897338e+00,-1.829476863400777376e+01,4.041656808393715217e+00
2.035095641460709537e+00,-1.813405310926374980e+01,4.075065527886482464e+00
2.013799836641541052e+00,-1.797190918923708125e+01,4.109566779697931160e+00
2.008703243619724077e+00,-1.793113028521393559e+01,4.117994948491564777e+00
1.998639812927587744e+00,-1.784931444809398471e+01,4.133287047560460614e+00
1.983895081840403973e+00,-1.772594989753136474e+01,4.157466584968216416e+00
1.959395015083976732e+00,-1.751874724565119479e+01,4.195823836026658427e+00
1.949682758324664311e+00,-1.743531815425492937e+01,4.210037770375309130e+00
1.935351333678706931e+00,-1.730961361773716689e+01,4.231679499989865256e+00
1.921365165410518827e+00,-1.718324165509767099e+01,4.250455783235808305e+00
1.901529097672165047e+00,-1.701396674776203710e+01,4.277848888667632465e+00
1.890985844631226209e+00,-1.692900073888899115e+01,4.290071427175857544e+00
1.885685753185146529e+00,-1.688642694411460354e+01,4.296355032442256139e+00
1.869662855921615296e+00,-1.675833371095218993e+01,4.315986041285838404e+00
1.859076206757266592e+00,-1.667260203822858600e+01,4.328570661761018457e+00
1.842760346790736969e+00,-1.654359659903152746e+01,4.346456927800203651e+00
1.837155679172513878e+00,-1.650049529467910503e+01,4.352464890184729818e+00
1.825846879217187801e+00,-1.641412987072185814e+01,4.363924491040460651e+00
1.809010640396536473e+00,-1.628413891103604527e+01,4.380251540066464777e+00
1.803558049908599470e+00,-1.624067758409557527e+01,4.385951706248298443e+00
1.798071979444642254e+00,-1.619716295389033434e+01,4.390804785956294864e+00
1.792416110157933451e+00,-1.615362174335374945e+01,4.395073015185304577e+00
1.768293513136595996e+00,-1.597924914850776901e+01,4.413262758536645514e+00
1.748005908200777947e+00,-1.584826438647707292e+01,4.425906590367744364e+00
1.720542847583203194e+00,-1.567310251789275455e+01,4.445618773981951932e+00
1.713520623323475212e+00,-1.562921278400083480e+01,4.450360182047546687e+00
1.706510136231160102e+00,-1.558527314728553570e+01,4.453580447515033569e+00
1.678319472400113144e+00,-1.540916026240120829e+01,4.333466785579322966e+00
1.663443595378796047e+00,-1.532374345633681045e+01,4.342299389797990905e+00
1.655890905726541851e+00,-1.528099330553336621e+01,4.347467313137511447e+00
1.648075791582387817e+00,-1.523823887840001134e+01,4.349681750131503044e+00
1.639874476596314468e+00,-1.519553536336590405e+01,4.351721763552796496e+00
1.603897121680029514e+00,-1.502500593408969642e+01,4.368067530344906579e+00
1.564569116405077231e+00,-1.485463121717384638e+01,4.385171362206285117e+00
1.533093926770902504e+00,-1.472691135582232924e+01,4.394933794962851970e+00
1.487254802760528349e+00,-1.455720018732207599e+01,4.274255273584509851e+00
1.474967040458793788e+00,-1.451634440168605700e+01,4.279165311193951382e+00
1.462540186694593070e+00,-1.447548704433105016e+01,4.281805058254456675e+00
1.396594487253591810e+00,-1.427185337830760758e+01,4.304458109775320729e+00
1.382395539531093176e+00,-1.423133874316592618e+01,4.308947842479131651e+00
1.367873652074636626e+00,-1.419089549412295881e+01,4.313667224121239485e+00
1.338091753380857618e+00,-1.411013648464700765e+01,4.322603508745973322e+00
1.322812739226729706e+00,-1.406983104246003080e+01,4.326940867285132164e+00
1.307174389715384022e+00,-1.402961978184829306e+01,4.330134051681318041e+00
1.291305941681559322e+00,-1.398946320396015253e+01,4.333884464485441512e+00
1.223698054117976941e+00,-1.383019111982550875e+01,4.349114401925760376e+00
1.205805844114761438e+00,-1.379070812776994082e+01,4.349258810281081189e+00
1.187700635060093601e+00,-1.375132027267795465e+01,4.352605875373710909e+00
1.070686041324929727e+00,-1.351847538981846419e+01,4.370806146904552492e+00
1.049832184172645899e+00,-1.348025809948932974e+01,4.374205243208415084e+00
1.028527129606600976e+00,-1.344225859525764655e+01,4.374767669852888119e+00
1.006900428291885863e+00,-1.340443809766696681e+01,4.377859316964221037e+00
9.621992311300467948e-01,-1.332956795419057094e+01,4.384304874903883764e+00
9.155770614550999831e-01,-1.325576336457757343e+01,4.390544490783283571e+00
8.916016770081327536e-01,-1.321924744410690877e+01,4.395473809282379740e+00
8.673376521295301789e-01,-1.318286605894508234e+01,4.399117409430246539e+00
8.426584457854326971e-01,-1.314672805579705717e+01,4.402225616867648128e+00
7.924903262434154216e-01,-1.307487683300701242e+01,4.409709378205564967e+00
7.150789855850032684e-01,-1.296823478397964990e+01,4.421139476380466782e+00
6.887010079122701800e-01,-1.293300640600707752e+01,4.426030810533132076e+00
6.619467887751953050e-01,-1.289799769178532074e+01,4.429555130837911747e+00
6.347154750648602572e-01,-1.286332038347600637e+01,4.433550200408160613e+00
6.071261623762773674e-01,-1.282887332958681625e+01,4.438162725494268379e+00
5.512746990630869037e-01,-1.276031896113104480e+01,4.445767862833043260e+00
4.372360034200683532e-01,-1.262434641901602284e+01,4.458680174368879534e+00
2.871677187236874040e-01,-1.246000157135937947e+01,4.473018357009271639e+00
2.252777864172350042e-01,-1.239567301350043671e+01,4.343882229355386038e+00
1.946241547764717417e-01,-1.236509590900922184e+01,4.348977976005560464e+00
1.637344157028209346e-01,-1.233467716549295190e+01,4.349693800546750033e+00
1.327153150138259130e-01,-1.230436571758416520e+01,4.217093800546749982e+00
7.124494975752809767e-02,-1.224700362922267338e+01,4.224794078218424787e+00
4.042658875014368269e-02,-1.221830112057299900e+01,4.226917083529730945e+00
9.642237155730593035e-03,-1.218949212496975676e+01,4.229363354322710045e+00
-5.160348540813983198e-02,-1.213126642046624504e+01,4.233959757878555941e+00
-8.196004692849180595e-02,-1.210171654900832472e+01,4.240367549661788971e+00
-1.120950198564063527e-01,-1.207176738899203094e+01,4.241901640064294376e+00
-1.419161788895614285e-01,-1.204139878610219938e+01,4.246675216512930007e+00
-2.302593053302653681e-01,-1.194851731740053680e+01,4.264636435821691940e+00
-3.181760025048148144e-01,-1.185461992452006896e+01,4.282869140829631327e+00
-4.371555315097032102e-01,-1.173064772225840890e+01,4.305183928410087013e+00
-5.873003099090482459e-01,-1.157584462040860451e+01,4.330660610504022401e+00
-6.747914907155652120e-01,-1.148348180549154485e+01,4.210503432522200384e+00
-7.033515594918622327e-01,-1.145260190030352732e+01,4.077903432522200333e+00
-7.579280343680424581e-01,-1.139208683273314371e+01,4.088483140189826948e+00
-7.851665395801115110e-01,-1.136167346176723569e+01,4.091195590153925643e+00
-8.121863269584482792e-01,-1.133103334889894143e+01,4.096551531365708598e+00
-8.391190696191566101e-01,-1.130024793740904343e+01,4.100784112249266755e+00
-8.658390612251511964e-01,-1.126922529773438875e+01,4.106042912526758570e+00
-8.922513815122066205e-01,-1.123787643080105880e+01,4.110154317179865124e+00
-9.182474088726366723e-01,-1.120613441701934576e+01,4.115366782835192971e+00
-9.439640073374530038e-01,-1.117410575267582828e+01,4.121376097290855078e+00
-9.693037146563721063e-01,-1.114170937014191232e+01,4.125626019456479554e+00
-9.943695132633739719e-01,-1.110905655695372474e+01,4.130785830142994719e+00
-1.019279369332594998e+00,-1.107622922696439360e+01,4.136145853733280475e+00
-1.043911332808283188e+00,-1.104313455141343425e+01,4.141612190310097752e+00
-1.068152739184984767e+00,-1.100969455830743193e+01,4.146733326941993703e+00
-1.092120409933520664e+00,-1.097600497427305655e+01,4.151679111331251448e+00
-1.115921511257195853e+00,-1.094214537778627161e+01,4.157671141821869476e+00
-1.139435974937930585e+00,-1.090802119299330464e+01,4.162563460665502646e+00
-1.162532940962766270e+00,-1.087356380808572887e+01,4.168091044380869192e+00
-1.185341485534118666e+00,-1.083885738091156448e+01,4.173686035898508173e+00
-1.229843394610986573e+00,-1.076855763866979920e+01,4.184348042636112375e+00
-1.251764706529648219e+00,-1.073311682182413662e+01,4.189929015532396051e+00
-1.273366975614796059e+00,-1.069742141436044847e+01,4.194644391069994427e+00
-1.294755954839915013e+00,-1.066154497784674149e+01,4.200386428165091779e+00
-1.315924676034063934e+00,-1.062547158682613180e+01,4.205254243876742848e+00
-1.336727481839955045e+00,-1.058913365568071896e+01,4.210642702061939247e+00
-1.357290363102280351e+00,-1.055259644543505537e+01,4.215304555420766874e+00
-1.377469158120228077e+00,-1.051579589697563577e+01,4.220096702139563227e+00
-1.397389094950560740e+00,-1.047879844709999730e+01,4.225157604289859314e+00
-1.416915754983296916e+00,-1.044153770779528756e+01,4.229673544117471984e+00
-1.436169833395003037e+00,-1.040408252105088138e+01,4.234894512439721481e+00
-1.455020813692870174e+00,-1.036636718249926403e+01,4.239201357278717275e+00
-1.473587876506162297e+00,-1.032846102466204030e+01,4.243670825804682245e+00
-1.491988998807328493e+00,-1.029041559563597019e+01,4.249134250137045044e+00
-1.510084102310287113e+00,-1.025215967339661916e+01,4.253537748506323268e+00
-1.527728717103100209e+00,-1.021364864448983134e+01,4.257711196807952625e+00
-1.545056933330358984e+00,-1.017494587566541497e+01,4.262631657219169590e+00
-1.561940187476134279e+00,-1.013599638169826633e+01,4.267099829266566502e+00
-1.578380579718552834e+00,-1.009681272735676316e+01,4.271555678499098008e+00
-1.594513481963290902e+00,-1.005745118404019323e+01,4.276182347996129174e+00
-1.610201287498000067e+00,-1.001786364446156874e+01,4.280205464991678532e+00
-1.625574875053747315e+00,-9.978108004309120815e+00,4.285396331294151651e+00
-1.640504665579362698e+00,-9.938131267194396656e+00,4.289883240892955918e+00
-1.683621209297708088e+00,-9.817292239981314950e+00,4.302395322023720325e+00
-1.697215349536306928e+00,-9.776653973983389534e+00,4.306533491290380766e+00
-1.723245902026521836e+00,-9.694866943253689584e+00,4.314958504781566617e+00
-1.735684121069758001e+00,-9.653728970140736720e+00,4.319585127462388208e+00
-1.782683735855643992e+00,-9.487877766501890520e+00,4.335577880405926621e+00
-1.803797641773765559e+00,-9.404063147171804360e+00,4.342739948930216975e+00
-1.813661490972075185e+00,-9.361937520774207044e+00,4.345675125475935374e+00
-1.823162706558486779e+00,-9.319698057771988786e+00,4.349383070641637872e+00
-1.832166618907634881e+00,-9.277316528856115241e+00,4.353218839968326925e+00
-1.840547221452101923e+00,-9.234777616730415417e+00,4.356862880407741834e+00
-1.848462136373182796e+00,-9.192117454691061340e+00,4.360454258643999381e+00
-1.856052646789177807e+00,-9.149362243775398085e+00,4.364503169107704750e+00
-1.863173120993621090e+00,-9.106489750399267891e+00,4.367813109626343504e+00
-1.869960238045581091e+00,-9.063529678430969128e+00,4.371328344017777034e+00
-1.876543078893239347e+00,-9.020496140116208039e+00,4.375325401711605444e+00
-1.882763112488379686e+00,-8.977366799108617457e+00,4.378351156380677622e+00
-1.888469041808887638e+00,-8.934140465153211252e+00,4.381769656613492714e+00
-1.893812126763491310e+00,-8.890832207917283014e+00,4.384720907705641046e+00
-1.898643582798961615e+00,-8.847438760479178654e+00,4.387525831401177356e+00
-1.903110548270496194e+00,-8.803977227542809203e+00,4.389974628229789566e+00
-1.907064101224835495e+00,-8.760446119249689190e+00,4.392414049525738662e+00
-1.910372853639501045e+00,-8.716846669441157047e+00,4.395574614695739513e+00
-1.915402965938878488e+00,-8.629485826272157212e+00,4.399231628463928345e+00
-1.919306566380267753e+00,-8.454315758911517875e+00,4.409193480598122328e+00
-1.918711227862422319e+00,-8.366586045882725031e+00,4.414757529059043506e+00
-1.917747796364998925e+00,-8.322691393472261723e+00,4.282157529059043455e+00
-1.915694134298381313e+00,-8.280213312895067901e+00,4.284988649815724138e+00
-1.910203822584212396e+00,-8.195274645720118656e+00,4.290582862687714716e+00
-1.906474715160276112e+00,-8.152852028772393567e+00,4.294170446594363533e+00
-1.901923905400933368e+00,-8.110491008401552904e+00,4.295429339027835525e+00
-1.877605043611859426e+00,-7.941749747111190416e+00,4.307137935639310022e+00
-1.869997550579561407e+00,-7.899760702572197424e+00,4.310377309608685259e+00
-1.861858808439791568e+00,-7.857845828128247057e+00,4.177777309608685208e+00
-1.852631395509497292e+00,-7.817594503460860267e+00,4.180701941698200308e+00
-1.842968800629954051e+00,-7.777426901734357578e+00,4.184976318195693601e+00
-1.832712175520299969e+00,-7.737373708314668974e+00,4.188469117247314522e+00
-1.821710848557090756e+00,-7.697497893370547573e+00,4.192238774958100933e+00
-1.798010110935978512e+00,-7.618134232469189193e+00,4.200060472819536095e+00
-1.772015296339376045e+00,-7.539334924373926938e+00,4.207901398197822829e+00
-1.680968387890990901e+00,-7.306454002814813720e+00,4.232146444714043554e+00
-1.609999635601346180e+00,-7.154345978330877820e+00,4.249755458527714858e+00
-1.571046432307149132e+00,-7.079649752130299234e+00,4.255578682412947344e+00
-1.550743987534944246e+00,-7.042683934473592977e+00,4.259681193394146526e+00
-1.486381413403246254e+00,-6.933451697220466059e+00,4.272114537267969858e+00
-1.393881006748773466e+00,-6.794620675115433883e+00,4.155712962046395731e+00
-1.296516457214393681e+00,-6.663052275224257137e+00,4.043386808486645556e+00
-1.271566684576615369e+00,-6.631718259723830222e+00,4.051850082639811390e+00
-1.171693575195087877e+00,-6.510487013668231349e+00,3.946795610062687754e+00
-1.072767698007866422e+00,-6.393065689175888799e+00,3.839393693164202315e+00
-9.997591017170688321e-01,-6.305283301789329720e+00,3.722254981044581523e+00
-8.631638689812828336e-01,-6.130659116753482074e+00,3.624548292698655860e+00
-7.603000783898197223e-01,-5.978378107756851634e+00,3.662223873275861408e+00
